symbol,contract,front_from_utc,roll_at_utc,last_trading_date,rule,source,high_risk
CL,CLH08,2008-01-18T22:00:00Z,2008-02-15T22:00:00Z,2008-02-20,months=FGHJKMNQUVXZ ltd=nymex_cl_ltd roll_anchor=ltd roll_lead_days=4,"RULE:NYMEX WTI is listed in ALL TWELVE calendar months; LTD = 3 business days before the 25th calendar day of the month PRECEDING the delivery month (and, where the 25th is not a business day, 3 business days prior to the last business day preceding it). NOT CORROBORATED: no exchange-published roll date was found for CL at all; the 4-calendar-day lead is a broker-material convention and is the weakest figure in this table",1
CL,CLJ08,2008-02-15T22:00:00Z,2008-03-14T21:00:00Z,2008-03-19,months=FGHJKMNQUVXZ ltd=nymex_cl_ltd roll_anchor=ltd roll_lead_days=4,"RULE:NYMEX WTI is listed in ALL TWELVE calendar months; LTD = 3 business days before the 25th calendar day of the month PRECEDING the delivery month (and, where the 25th is not a business day, 3 business days prior to the last business day preceding it). NOT CORROBORATED: no exchange-published roll date was found for CL at all; the 4-calendar-day lead is a broker-material convention and is the weakest figure in this table",1
CL,CLK08,2008-03-14T21:00:00Z,2008-04-18T21:00:00Z,2008-04-22,months=FGHJKMNQUVXZ ltd=nymex_cl_ltd roll_anchor=ltd roll_lead_days=4,"RULE:NYMEX WTI is listed in ALL TWELVE calendar months; LTD = 3 business days before the 25th calendar day of the month PRECEDING the delivery month (and, where the 25th is not a business day, 3 business days prior to the last business day preceding it). NOT CORROBORATED: no exchange-published roll date was found for CL at all; the 4-calendar-day lead is a broker-material convention and is the weakest figure in this table",1
CL,CLM08,2008-04-18T21:00:00Z,2008-05-16T21:00:00Z,2008-05-20,months=FGHJKMNQUVXZ ltd=nymex_cl_ltd roll_anchor=ltd roll_lead_days=4,"RULE:NYMEX WTI is listed in ALL TWELVE calendar months; LTD = 3 business days before the 25th calendar day of the month PRECEDING the delivery month (and, where the 25th is not a business day, 3 business days prior to the last business day preceding it). NOT CORROBORATED: no exchange-published roll date was found for CL at all; the 4-calendar-day lead is a broker-material convention and is the weakest figure in this table",1
CL,CLN08,2008-05-16T21:00:00Z,2008-06-16T21:00:00Z,2008-06-20,months=FGHJKMNQUVXZ ltd=nymex_cl_ltd roll_anchor=ltd roll_lead_days=4,"RULE:NYMEX WTI is listed in ALL TWELVE calendar months; LTD = 3 business days before the 25th calendar day of the month PRECEDING the delivery month (and, where the 25th is not a business day, 3 business days prior to the last business day preceding it). NOT CORROBORATED: no exchange-published roll date was found for CL at all; the 4-calendar-day lead is a broker-material convention and is the weakest figure in this table",1
CL,CLQ08,2008-06-16T21:00:00Z,2008-07-18T21:00:00Z,2008-07-22,months=FGHJKMNQUVXZ ltd=nymex_cl_ltd roll_anchor=ltd roll_lead_days=4,"RULE:NYMEX WTI is listed in ALL TWELVE calendar months; LTD = 3 business days before the 25th calendar day of the month PRECEDING the delivery month (and, where the 25th is not a business day, 3 business days prior to the last business day preceding it). NOT CORROBORATED: no exchange-published roll date was found for CL at all; the 4-calendar-day lead is a broker-material convention and is the weakest figure in this table",1
CL,CLU08,2008-07-18T21:00:00Z,2008-08-15T21:00:00Z,2008-08-20,months=FGHJKMNQUVXZ ltd=nymex_cl_ltd roll_anchor=ltd roll_lead_days=4,"RULE:NYMEX WTI is listed in ALL TWELVE calendar months; LTD = 3 business days before the 25th calendar day of the month PRECEDING the delivery month (and, where the 25th is not a business day, 3 business days prior to the last business day preceding it). NOT CORROBORATED: no exchange-published roll date was found for CL at all; the 4-calendar-day lead is a broker-material convention and is the weakest figure in this table",1
CL,CLV08,2008-08-15T21:00:00Z,2008-09-18T21:00:00Z,2008-09-22,months=FGHJKMNQUVXZ ltd=nymex_cl_ltd roll_anchor=ltd roll_lead_days=4,"RULE:NYMEX WTI is listed in ALL TWELVE calendar months; LTD = 3 business days before the 25th calendar day of the month PRECEDING the delivery month (and, where the 25th is not a business day, 3 business days prior to the last business day preceding it). NOT CORROBORATED: no exchange-published roll date was found for CL at all; the 4-calendar-day lead is a broker-material convention and is the weakest figure in this table",1
CL,CLX08,2008-09-18T21:00:00Z,2008-10-17T21:00:00Z,2008-10-21,months=FGHJKMNQUVXZ ltd=nymex_cl_ltd roll_anchor=ltd roll_lead_days=4,"RULE:NYMEX WTI is listed in ALL TWELVE calendar months; LTD = 3 business days before the 25th calendar day of the month PRECEDING the delivery month (and, where the 25th is not a business day, 3 business days prior to the last business day preceding it). NOT CORROBORATED: no exchange-published roll date was found for CL at all; the 4-calendar-day lead is a broker-material convention and is the weakest figure in this table",1
CL,CLZ08,2008-10-17T21:00:00Z,2008-11-14T22:00:00Z,2008-11-20,months=FGHJKMNQUVXZ ltd=nymex_cl_ltd roll_anchor=ltd roll_lead_days=4,"RULE:NYMEX WTI is listed in ALL TWELVE calendar months; LTD = 3 business days before the 25th calendar day of the month PRECEDING the delivery month (and, where the 25th is not a business day, 3 business days prior to the last business day preceding it). NOT CORROBORATED: no exchange-published roll date was found for CL at all; the 4-calendar-day lead is a broker-material convention and is the weakest figure in this table",1
CL,CLF09,2008-11-14T22:00:00Z,2008-12-15T22:00:00Z,2008-12-19,months=FGHJKMNQUVXZ ltd=nymex_cl_ltd roll_anchor=ltd roll_lead_days=4,"RULE:NYMEX WTI is listed in ALL TWELVE calendar months; LTD = 3 business days before the 25th calendar day of the month PRECEDING the delivery month (and, where the 25th is not a business day, 3 business days prior to the last business day preceding it). NOT CORROBORATED: no exchange-published roll date was found for CL at all; the 4-calendar-day lead is a broker-material convention and is the weakest figure in this table",1
CL,CLG09,2008-12-15T22:00:00Z,2009-01-16T22:00:00Z,2009-01-20,months=FGHJKMNQUVXZ ltd=nymex_cl_ltd roll_anchor=ltd roll_lead_days=4,"RULE:NYMEX WTI is listed in ALL TWELVE calendar months; LTD = 3 business days before the 25th calendar day of the month PRECEDING the delivery month (and, where the 25th is not a business day, 3 business days prior to the last business day preceding it). NOT CORROBORATED: no exchange-published roll date was found for CL at all; the 4-calendar-day lead is a broker-material convention and is the weakest figure in this table",1
CL,CLH09,2009-01-16T22:00:00Z,2009-02-16T18:00:00Z,2009-02-20,months=FGHJKMNQUVXZ ltd=nymex_cl_ltd roll_anchor=ltd roll_lead_days=4,"RULE:NYMEX WTI is listed in ALL TWELVE calendar months; LTD = 3 business days before the 25th calendar day of the month PRECEDING the delivery month (and, where the 25th is not a business day, 3 business days prior to the last business day preceding it). NOT CORROBORATED: no exchange-published roll date was found for CL at all; the 4-calendar-day lead is a broker-material convention and is the weakest figure in this table",1
CL,CLJ09,2009-02-16T18:00:00Z,2009-03-16T21:00:00Z,2009-03-20,months=FGHJKMNQUVXZ ltd=nymex_cl_ltd roll_anchor=ltd roll_lead_days=4,"RULE:NYMEX WTI is listed in ALL TWELVE calendar months; LTD = 3 business days before the 25th calendar day of the month PRECEDING the delivery month (and, where the 25th is not a business day, 3 business days prior to the last business day preceding it). NOT CORROBORATED: no exchange-published roll date was found for CL at all; the 4-calendar-day lead is a broker-material convention and is the weakest figure in this table",1
CL,CLK09,2009-03-16T21:00:00Z,2009-04-17T21:00:00Z,2009-04-21,months=FGHJKMNQUVXZ ltd=nymex_cl_ltd roll_anchor=ltd roll_lead_days=4,"RULE:NYMEX WTI is listed in ALL TWELVE calendar months; LTD = 3 business days before the 25th calendar day of the month PRECEDING the delivery month (and, where the 25th is not a business day, 3 business days prior to the last business day preceding it). NOT CORROBORATED: no exchange-published roll date was found for CL at all; the 4-calendar-day lead is a broker-material convention and is the weakest figure in this table",1
CL,CLM09,2009-04-17T21:00:00Z,2009-05-15T21:00:00Z,2009-05-20,months=FGHJKMNQUVXZ ltd=nymex_cl_ltd roll_anchor=ltd roll_lead_days=4,"RULE:NYMEX WTI is listed in ALL TWELVE calendar months; LTD = 3 business days before the 25th calendar day of the month PRECEDING the delivery month (and, where the 25th is not a business day, 3 business days prior to the last business day preceding it). NOT CORROBORATED: no exchange-published roll date was found for CL at all; the 4-calendar-day lead is a broker-material convention and is the weakest figure in this table",1
CL,CLN09,2009-05-15T21:00:00Z,2009-06-18T21:00:00Z,2009-06-22,months=FGHJKMNQUVXZ ltd=nymex_cl_ltd roll_anchor=ltd roll_lead_days=4,"RULE:NYMEX WTI is listed in ALL TWELVE calendar months; LTD = 3 business days before the 25th calendar day of the month PRECEDING the delivery month (and, where the 25th is not a business day, 3 business days prior to the last business day preceding it). NOT CORROBORATED: no exchange-published roll date was found for CL at all; the 4-calendar-day lead is a broker-material convention and is the weakest figure in this table",1
CL,CLQ09,2009-06-18T21:00:00Z,2009-07-17T21:00:00Z,2009-07-21,months=FGHJKMNQUVXZ ltd=nymex_cl_ltd roll_anchor=ltd roll_lead_days=4,"RULE:NYMEX WTI is listed in ALL TWELVE calendar months; LTD = 3 business days before the 25th calendar day of the month PRECEDING the delivery month (and, where the 25th is not a business day, 3 business days prior to the last business day preceding it). NOT CORROBORATED: no exchange-published roll date was found for CL at all; the 4-calendar-day lead is a broker-material convention and is the weakest figure in this table",1
CL,CLU09,2009-07-17T21:00:00Z,2009-08-14T21:00:00Z,2009-08-20,months=FGHJKMNQUVXZ ltd=nymex_cl_ltd roll_anchor=ltd roll_lead_days=4,"RULE:NYMEX WTI is listed in ALL TWELVE calendar months; LTD = 3 business days before the 25th calendar day of the month PRECEDING the delivery month (and, where the 25th is not a business day, 3 business days prior to the last business day preceding it). NOT CORROBORATED: no exchange-published roll date was found for CL at all; the 4-calendar-day lead is a broker-material convention and is the weakest figure in this table",1
CL,CLV09,2009-08-14T21:00:00Z,2009-09-18T21:00:00Z,2009-09-22,months=FGHJKMNQUVXZ ltd=nymex_cl_ltd roll_anchor=ltd roll_lead_days=4,"RULE:NYMEX WTI is listed in ALL TWELVE calendar months; LTD = 3 business days before the 25th calendar day of the month PRECEDING the delivery month (and, where the 25th is not a business day, 3 business days prior to the last business day preceding it). NOT CORROBORATED: no exchange-published roll date was found for CL at all; the 4-calendar-day lead is a broker-material convention and is the weakest figure in this table",1
CL,CLX09,2009-09-18T21:00:00Z,2009-10-16T21:00:00Z,2009-10-20,months=FGHJKMNQUVXZ ltd=nymex_cl_ltd roll_anchor=ltd roll_lead_days=4,"RULE:NYMEX WTI is listed in ALL TWELVE calendar months; LTD = 3 business days before the 25th calendar day of the month PRECEDING the delivery month (and, where the 25th is not a business day, 3 business days prior to the last business day preceding it). NOT CORROBORATED: no exchange-published roll date was found for CL at all; the 4-calendar-day lead is a broker-material convention and is the weakest figure in this table",1
CL,CLZ09,2009-10-16T21:00:00Z,2009-11-16T22:00:00Z,2009-11-20,months=FGHJKMNQUVXZ ltd=nymex_cl_ltd roll_anchor=ltd roll_lead_days=4,"RULE:NYMEX WTI is listed in ALL TWELVE calendar months; LTD = 3 business days before the 25th calendar day of the month PRECEDING the delivery month (and, where the 25th is not a business day, 3 business days prior to the last business day preceding it). NOT CORROBORATED: no exchange-published roll date was found for CL at all; the 4-calendar-day lead is a broker-material convention and is the weakest figure in this table",1
CL,CLF10,2009-11-16T22:00:00Z,2009-12-17T22:00:00Z,2009-12-21,months=FGHJKMNQUVXZ ltd=nymex_cl_ltd roll_anchor=ltd roll_lead_days=4,"RULE:NYMEX WTI is listed in ALL TWELVE calendar months; LTD = 3 business days before the 25th calendar day of the month PRECEDING the delivery month (and, where the 25th is not a business day, 3 business days prior to the last business day preceding it). NOT CORROBORATED: no exchange-published roll date was found for CL at all; the 4-calendar-day lead is a broker-material convention and is the weakest figure in this table",1
CL,CLG10,2009-12-17T22:00:00Z,2010-01-15T22:00:00Z,2010-01-20,months=FGHJKMNQUVXZ ltd=nymex_cl_ltd roll_anchor=ltd roll_lead_days=4,"RULE:NYMEX WTI is listed in ALL TWELVE calendar months; LTD = 3 business days before the 25th calendar day of the month PRECEDING the delivery month (and, where the 25th is not a business day, 3 business days prior to the last business day preceding it). NOT CORROBORATED: no exchange-published roll date was found for CL at all; the 4-calendar-day lead is a broker-material convention and is the weakest figure in this table",1
CL,CLH10,2010-01-15T22:00:00Z,2010-02-18T22:00:00Z,2010-02-22,months=FGHJKMNQUVXZ ltd=nymex_cl_ltd roll_anchor=ltd roll_lead_days=4,"RULE:NYMEX WTI is listed in ALL TWELVE calendar months; LTD = 3 business days before the 25th calendar day of the month PRECEDING the delivery month (and, where the 25th is not a business day, 3 business days prior to the last business day preceding it). NOT CORROBORATED: no exchange-published roll date was found for CL at all; the 4-calendar-day lead is a broker-material convention and is the weakest figure in this table",1
CL,CLJ10,2010-02-18T22:00:00Z,2010-03-18T21:00:00Z,2010-03-22,months=FGHJKMNQUVXZ ltd=nymex_cl_ltd roll_anchor=ltd roll_lead_days=4,"RULE:NYMEX WTI is listed in ALL TWELVE calendar months; LTD = 3 business days before the 25th calendar day of the month PRECEDING the delivery month (and, where the 25th is not a business day, 3 business days prior to the last business day preceding it). NOT CORROBORATED: no exchange-published roll date was found for CL at all; the 4-calendar-day lead is a broker-material convention and is the weakest figure in this table",1
CL,CLK10,2010-03-18T21:00:00Z,2010-04-16T21:00:00Z,2010-04-20,months=FGHJKMNQUVXZ ltd=nymex_cl_ltd roll_anchor=ltd roll_lead_days=4,"RULE:NYMEX WTI is listed in ALL TWELVE calendar months; LTD = 3 business days before the 25th calendar day of the month PRECEDING the delivery month (and, where the 25th is not a business day, 3 business days prior to the last business day preceding it). NOT CORROBORATED: no exchange-published roll date was found for CL at all; the 4-calendar-day lead is a broker-material convention and is the weakest figure in this table",1
CL,CLM10,2010-04-16T21:00:00Z,2010-05-14T21:00:00Z,2010-05-20,months=FGHJKMNQUVXZ ltd=nymex_cl_ltd roll_anchor=ltd roll_lead_days=4,"RULE:NYMEX WTI is listed in ALL TWELVE calendar months; LTD = 3 business days before the 25th calendar day of the month PRECEDING the delivery month (and, where the 25th is not a business day, 3 business days prior to the last business day preceding it). NOT CORROBORATED: no exchange-published roll date was found for CL at all; the 4-calendar-day lead is a broker-material convention and is the weakest figure in this table",1
CL,CLN10,2010-05-14T21:00:00Z,2010-06-18T21:00:00Z,2010-06-22,months=FGHJKMNQUVXZ ltd=nymex_cl_ltd roll_anchor=ltd roll_lead_days=4,"RULE:NYMEX WTI is listed in ALL TWELVE calendar months; LTD = 3 business days before the 25th calendar day of the month PRECEDING the delivery month (and, where the 25th is not a business day, 3 business days prior to the last business day preceding it). NOT CORROBORATED: no exchange-published roll date was found for CL at all; the 4-calendar-day lead is a broker-material convention and is the weakest figure in this table",1
CL,CLQ10,2010-06-18T21:00:00Z,2010-07-16T21:00:00Z,2010-07-20,months=FGHJKMNQUVXZ ltd=nymex_cl_ltd roll_anchor=ltd roll_lead_days=4,"RULE:NYMEX WTI is listed in ALL TWELVE calendar months; LTD = 3 business days before the 25th calendar day of the month PRECEDING the delivery month (and, where the 25th is not a business day, 3 business days prior to the last business day preceding it). NOT CORROBORATED: no exchange-published roll date was found for CL at all; the 4-calendar-day lead is a broker-material convention and is the weakest figure in this table",1
CL,CLU10,2010-07-16T21:00:00Z,2010-08-16T21:00:00Z,2010-08-20,months=FGHJKMNQUVXZ ltd=nymex_cl_ltd roll_anchor=ltd roll_lead_days=4,"RULE:NYMEX WTI is listed in ALL TWELVE calendar months; LTD = 3 business days before the 25th calendar day of the month PRECEDING the delivery month (and, where the 25th is not a business day, 3 business days prior to the last business day preceding it). NOT CORROBORATED: no exchange-published roll date was found for CL at all; the 4-calendar-day lead is a broker-material convention and is the weakest figure in this table",1
CL,CLV10,2010-08-16T21:00:00Z,2010-09-17T21:00:00Z,2010-09-21,months=FGHJKMNQUVXZ ltd=nymex_cl_ltd roll_anchor=ltd roll_lead_days=4,"RULE:NYMEX WTI is listed in ALL TWELVE calendar months; LTD = 3 business days before the 25th calendar day of the month PRECEDING the delivery month (and, where the 25th is not a business day, 3 business days prior to the last business day preceding it). NOT CORROBORATED: no exchange-published roll date was found for CL at all; the 4-calendar-day lead is a broker-material convention and is the weakest figure in this table",1
CL,CLX10,2010-09-17T21:00:00Z,2010-10-15T21:00:00Z,2010-10-20,months=FGHJKMNQUVXZ ltd=nymex_cl_ltd roll_anchor=ltd roll_lead_days=4,"RULE:NYMEX WTI is listed in ALL TWELVE calendar months; LTD = 3 business days before the 25th calendar day of the month PRECEDING the delivery month (and, where the 25th is not a business day, 3 business days prior to the last business day preceding it). NOT CORROBORATED: no exchange-published roll date was found for CL at all; the 4-calendar-day lead is a broker-material convention and is the weakest figure in this table",1
CL,CLZ10,2010-10-15T21:00:00Z,2010-11-18T22:00:00Z,2010-11-22,months=FGHJKMNQUVXZ ltd=nymex_cl_ltd roll_anchor=ltd roll_lead_days=4,"RULE:NYMEX WTI is listed in ALL TWELVE calendar months; LTD = 3 business days before the 25th calendar day of the month PRECEDING the delivery month (and, where the 25th is not a business day, 3 business days prior to the last business day preceding it). NOT CORROBORATED: no exchange-published roll date was found for CL at all; the 4-calendar-day lead is a broker-material convention and is the weakest figure in this table",1
CL,CLF11,2010-11-18T22:00:00Z,2010-12-16T22:00:00Z,2010-12-20,months=FGHJKMNQUVXZ ltd=nymex_cl_ltd roll_anchor=ltd roll_lead_days=4,"RULE:NYMEX WTI is listed in ALL TWELVE calendar months; LTD = 3 business days before the 25th calendar day of the month PRECEDING the delivery month (and, where the 25th is not a business day, 3 business days prior to the last business day preceding it). NOT CORROBORATED: no exchange-published roll date was found for CL at all; the 4-calendar-day lead is a broker-material convention and is the weakest figure in this table",1
CL,CLG11,2010-12-16T22:00:00Z,2011-01-14T22:00:00Z,2011-01-20,months=FGHJKMNQUVXZ ltd=nymex_cl_ltd roll_anchor=ltd roll_lead_days=4,"RULE:NYMEX WTI is listed in ALL TWELVE calendar months; LTD = 3 business days before the 25th calendar day of the month PRECEDING the delivery month (and, where the 25th is not a business day, 3 business days prior to the last business day preceding it). NOT CORROBORATED: no exchange-published roll date was found for CL at all; the 4-calendar-day lead is a broker-material convention and is the weakest figure in this table",1
CL,CLH11,2011-01-14T22:00:00Z,2011-02-18T22:00:00Z,2011-02-22,months=FGHJKMNQUVXZ ltd=nymex_cl_ltd roll_anchor=ltd roll_lead_days=4,"RULE:NYMEX WTI is listed in ALL TWELVE calendar months; LTD = 3 business days before the 25th calendar day of the month PRECEDING the delivery month (and, where the 25th is not a business day, 3 business days prior to the last business day preceding it). NOT CORROBORATED: no exchange-published roll date was found for CL at all; the 4-calendar-day lead is a broker-material convention and is the weakest figure in this table",1
CL,CLJ11,2011-02-18T22:00:00Z,2011-03-18T21:00:00Z,2011-03-22,months=FGHJKMNQUVXZ ltd=nymex_cl_ltd roll_anchor=ltd roll_lead_days=4,"RULE:NYMEX WTI is listed in ALL TWELVE calendar months; LTD = 3 business days before the 25th calendar day of the month PRECEDING the delivery month (and, where the 25th is not a business day, 3 business days prior to the last business day preceding it). NOT CORROBORATED: no exchange-published roll date was found for CL at all; the 4-calendar-day lead is a broker-material convention and is the weakest figure in this table",1
CL,CLK11,2011-03-18T21:00:00Z,2011-04-15T21:00:00Z,2011-04-19,months=FGHJKMNQUVXZ ltd=nymex_cl_ltd roll_anchor=ltd roll_lead_days=4,"RULE:NYMEX WTI is listed in ALL TWELVE calendar months; LTD = 3 business days before the 25th calendar day of the month PRECEDING the delivery month (and, where the 25th is not a business day, 3 business days prior to the last business day preceding it). NOT CORROBORATED: no exchange-published roll date was found for CL at all; the 4-calendar-day lead is a broker-material convention and is the weakest figure in this table",1
CL,CLM11,2011-04-15T21:00:00Z,2011-05-16T21:00:00Z,2011-05-20,months=FGHJKMNQUVXZ ltd=nymex_cl_ltd roll_anchor=ltd roll_lead_days=4,"RULE:NYMEX WTI is listed in ALL TWELVE calendar months; LTD = 3 business days before the 25th calendar day of the month PRECEDING the delivery month (and, where the 25th is not a business day, 3 business days prior to the last business day preceding it). NOT CORROBORATED: no exchange-published roll date was found for CL at all; the 4-calendar-day lead is a broker-material convention and is the weakest figure in this table",1
CL,CLN11,2011-05-16T21:00:00Z,2011-06-17T21:00:00Z,2011-06-21,months=FGHJKMNQUVXZ ltd=nymex_cl_ltd roll_anchor=ltd roll_lead_days=4,"RULE:NYMEX WTI is listed in ALL TWELVE calendar months; LTD = 3 business days before the 25th calendar day of the month PRECEDING the delivery month (and, where the 25th is not a business day, 3 business days prior to the last business day preceding it). NOT CORROBORATED: no exchange-published roll date was found for CL at all; the 4-calendar-day lead is a broker-material convention and is the weakest figure in this table",1
CL,CLQ11,2011-06-17T21:00:00Z,2011-07-15T21:00:00Z,2011-07-20,months=FGHJKMNQUVXZ ltd=nymex_cl_ltd roll_anchor=ltd roll_lead_days=4,"RULE:NYMEX WTI is listed in ALL TWELVE calendar months; LTD = 3 business days before the 25th calendar day of the month PRECEDING the delivery month (and, where the 25th is not a business day, 3 business days prior to the last business day preceding it). NOT CORROBORATED: no exchange-published roll date was found for CL at all; the 4-calendar-day lead is a broker-material convention and is the weakest figure in this table",1
CL,CLU11,2011-07-15T21:00:00Z,2011-08-18T21:00:00Z,2011-08-22,months=FGHJKMNQUVXZ ltd=nymex_cl_ltd roll_anchor=ltd roll_lead_days=4,"RULE:NYMEX WTI is listed in ALL TWELVE calendar months; LTD = 3 business days before the 25th calendar day of the month PRECEDING the delivery month (and, where the 25th is not a business day, 3 business days prior to the last business day preceding it). NOT CORROBORATED: no exchange-published roll date was found for CL at all; the 4-calendar-day lead is a broker-material convention and is the weakest figure in this table",1
CL,CLV11,2011-08-18T21:00:00Z,2011-09-16T21:00:00Z,2011-09-20,months=FGHJKMNQUVXZ ltd=nymex_cl_ltd roll_anchor=ltd roll_lead_days=4,"RULE:NYMEX WTI is listed in ALL TWELVE calendar months; LTD = 3 business days before the 25th calendar day of the month PRECEDING the delivery month (and, where the 25th is not a business day, 3 business days prior to the last business day preceding it). NOT CORROBORATED: no exchange-published roll date was found for CL at all; the 4-calendar-day lead is a broker-material convention and is the weakest figure in this table",1
CL,CLX11,2011-09-16T21:00:00Z,2011-10-14T21:00:00Z,2011-10-20,months=FGHJKMNQUVXZ ltd=nymex_cl_ltd roll_anchor=ltd roll_lead_days=4,"RULE:NYMEX WTI is listed in ALL TWELVE calendar months; LTD = 3 business days before the 25th calendar day of the month PRECEDING the delivery month (and, where the 25th is not a business day, 3 business days prior to the last business day preceding it). NOT CORROBORATED: no exchange-published roll date was found for CL at all; the 4-calendar-day lead is a broker-material convention and is the weakest figure in this table",1
CL,CLZ11,2011-10-14T21:00:00Z,2011-11-18T22:00:00Z,2011-11-22,months=FGHJKMNQUVXZ ltd=nymex_cl_ltd roll_anchor=ltd roll_lead_days=4,"RULE:NYMEX WTI is listed in ALL TWELVE calendar months; LTD = 3 business days before the 25th calendar day of the month PRECEDING the delivery month (and, where the 25th is not a business day, 3 business days prior to the last business day preceding it). NOT CORROBORATED: no exchange-published roll date was found for CL at all; the 4-calendar-day lead is a broker-material convention and is the weakest figure in this table",1
CL,CLF12,2011-11-18T22:00:00Z,2011-12-16T22:00:00Z,2011-12-20,months=FGHJKMNQUVXZ ltd=nymex_cl_ltd roll_anchor=ltd roll_lead_days=4,"RULE:NYMEX WTI is listed in ALL TWELVE calendar months; LTD = 3 business days before the 25th calendar day of the month PRECEDING the delivery month (and, where the 25th is not a business day, 3 business days prior to the last business day preceding it). NOT CORROBORATED: no exchange-published roll date was found for CL at all; the 4-calendar-day lead is a broker-material convention and is the weakest figure in this table",1
CL,CLG12,2011-12-16T22:00:00Z,2012-01-16T18:00:00Z,2012-01-20,months=FGHJKMNQUVXZ ltd=nymex_cl_ltd roll_anchor=ltd roll_lead_days=4,"RULE:NYMEX WTI is listed in ALL TWELVE calendar months; LTD = 3 business days before the 25th calendar day of the month PRECEDING the delivery month (and, where the 25th is not a business day, 3 business days prior to the last business day preceding it). NOT CORROBORATED: no exchange-published roll date was found for CL at all; the 4-calendar-day lead is a broker-material convention and is the weakest figure in this table",1
CL,CLH12,2012-01-16T18:00:00Z,2012-02-17T22:00:00Z,2012-02-21,months=FGHJKMNQUVXZ ltd=nymex_cl_ltd roll_anchor=ltd roll_lead_days=4,"RULE:NYMEX WTI is listed in ALL TWELVE calendar months; LTD = 3 business days before the 25th calendar day of the month PRECEDING the delivery month (and, where the 25th is not a business day, 3 business days prior to the last business day preceding it). NOT CORROBORATED: no exchange-published roll date was found for CL at all; the 4-calendar-day lead is a broker-material convention and is the weakest figure in this table",1
CL,CLJ12,2012-02-17T22:00:00Z,2012-03-16T21:00:00Z,2012-03-20,months=FGHJKMNQUVXZ ltd=nymex_cl_ltd roll_anchor=ltd roll_lead_days=4,"RULE:NYMEX WTI is listed in ALL TWELVE calendar months; LTD = 3 business days before the 25th calendar day of the month PRECEDING the delivery month (and, where the 25th is not a business day, 3 business days prior to the last business day preceding it). NOT CORROBORATED: no exchange-published roll date was found for CL at all; the 4-calendar-day lead is a broker-material convention and is the weakest figure in this table",1
CL,CLK12,2012-03-16T21:00:00Z,2012-04-16T21:00:00Z,2012-04-20,months=FGHJKMNQUVXZ ltd=nymex_cl_ltd roll_anchor=ltd roll_lead_days=4,"RULE:NYMEX WTI is listed in ALL TWELVE calendar months; LTD = 3 business days before the 25th calendar day of the month PRECEDING the delivery month (and, where the 25th is not a business day, 3 business days prior to the last business day preceding it). NOT CORROBORATED: no exchange-published roll date was found for CL at all; the 4-calendar-day lead is a broker-material convention and is the weakest figure in this table",1
CL,CLM12,2012-04-16T21:00:00Z,2012-05-18T21:00:00Z,2012-05-22,months=FGHJKMNQUVXZ ltd=nymex_cl_ltd roll_anchor=ltd roll_lead_days=4,"RULE:NYMEX WTI is listed in ALL TWELVE calendar months; LTD = 3 business days before the 25th calendar day of the month PRECEDING the delivery month (and, where the 25th is not a business day, 3 business days prior to the last business day preceding it). NOT CORROBORATED: no exchange-published roll date was found for CL at all; the 4-calendar-day lead is a broker-material convention and is the weakest figure in this table",1
CL,CLN12,2012-05-18T21:00:00Z,2012-06-15T21:00:00Z,2012-06-20,months=FGHJKMNQUVXZ ltd=nymex_cl_ltd roll_anchor=ltd roll_lead_days=4,"RULE:NYMEX WTI is listed in ALL TWELVE calendar months; LTD = 3 business days before the 25th calendar day of the month PRECEDING the delivery month (and, where the 25th is not a business day, 3 business days prior to the last business day preceding it). NOT CORROBORATED: no exchange-published roll date was found for CL at all; the 4-calendar-day lead is a broker-material convention and is the weakest figure in this table",1
CL,CLQ12,2012-06-15T21:00:00Z,2012-07-16T21:00:00Z,2012-07-20,months=FGHJKMNQUVXZ ltd=nymex_cl_ltd roll_anchor=ltd roll_lead_days=4,"RULE:NYMEX WTI is listed in ALL TWELVE calendar months; LTD = 3 business days before the 25th calendar day of the month PRECEDING the delivery month (and, where the 25th is not a business day, 3 business days prior to the last business day preceding it). NOT CORROBORATED: no exchange-published roll date was found for CL at all; the 4-calendar-day lead is a broker-material convention and is the weakest figure in this table",1
CL,CLU12,2012-07-16T21:00:00Z,2012-08-17T21:00:00Z,2012-08-21,months=FGHJKMNQUVXZ ltd=nymex_cl_ltd roll_anchor=ltd roll_lead_days=4,"RULE:NYMEX WTI is listed in ALL TWELVE calendar months; LTD = 3 business days before the 25th calendar day of the month PRECEDING the delivery month (and, where the 25th is not a business day, 3 business days prior to the last business day preceding it). NOT CORROBORATED: no exchange-published roll date was found for CL at all; the 4-calendar-day lead is a broker-material convention and is the weakest figure in this table",1
CL,CLV12,2012-08-17T21:00:00Z,2012-09-14T21:00:00Z,2012-09-20,months=FGHJKMNQUVXZ ltd=nymex_cl_ltd roll_anchor=ltd roll_lead_days=4,"RULE:NYMEX WTI is listed in ALL TWELVE calendar months; LTD = 3 business days before the 25th calendar day of the month PRECEDING the delivery month (and, where the 25th is not a business day, 3 business days prior to the last business day preceding it). NOT CORROBORATED: no exchange-published roll date was found for CL at all; the 4-calendar-day lead is a broker-material convention and is the weakest figure in this table",1
CL,CLX12,2012-09-14T21:00:00Z,2012-10-18T21:00:00Z,2012-10-22,months=FGHJKMNQUVXZ ltd=nymex_cl_ltd roll_anchor=ltd roll_lead_days=4,"RULE:NYMEX WTI is listed in ALL TWELVE calendar months; LTD = 3 business days before the 25th calendar day of the month PRECEDING the delivery month (and, where the 25th is not a business day, 3 business days prior to the last business day preceding it). NOT CORROBORATED: no exchange-published roll date was found for CL at all; the 4-calendar-day lead is a broker-material convention and is the weakest figure in this table",1
CL,CLZ12,2012-10-18T21:00:00Z,2012-11-16T22:00:00Z,2012-11-20,months=FGHJKMNQUVXZ ltd=nymex_cl_ltd roll_anchor=ltd roll_lead_days=4,"RULE:NYMEX WTI is listed in ALL TWELVE calendar months; LTD = 3 business days before the 25th calendar day of the month PRECEDING the delivery month (and, where the 25th is not a business day, 3 business days prior to the last business day preceding it). NOT CORROBORATED: no exchange-published roll date was found for CL at all; the 4-calendar-day lead is a broker-material convention and is the weakest figure in this table",1
CL,CLF13,2012-11-16T22:00:00Z,2012-12-14T22:00:00Z,2012-12-19,months=FGHJKMNQUVXZ ltd=nymex_cl_ltd roll_anchor=ltd roll_lead_days=4,"RULE:NYMEX WTI is listed in ALL TWELVE calendar months; LTD = 3 business days before the 25th calendar day of the month PRECEDING the delivery month (and, where the 25th is not a business day, 3 business days prior to the last business day preceding it). NOT CORROBORATED: no exchange-published roll date was found for CL at all; the 4-calendar-day lead is a broker-material convention and is the weakest figure in this table",1
CL,CLG13,2012-12-14T22:00:00Z,2013-01-18T22:00:00Z,2013-01-22,months=FGHJKMNQUVXZ ltd=nymex_cl_ltd roll_anchor=ltd roll_lead_days=4,"RULE:NYMEX WTI is listed in ALL TWELVE calendar months; LTD = 3 business days before the 25th calendar day of the month PRECEDING the delivery month (and, where the 25th is not a business day, 3 business days prior to the last business day preceding it). NOT CORROBORATED: no exchange-published roll date was found for CL at all; the 4-calendar-day lead is a broker-material convention and is the weakest figure in this table",1
CL,CLH13,2013-01-18T22:00:00Z,2013-02-15T22:00:00Z,2013-02-20,months=FGHJKMNQUVXZ ltd=nymex_cl_ltd roll_anchor=ltd roll_lead_days=4,"RULE:NYMEX WTI is listed in ALL TWELVE calendar months; LTD = 3 business days before the 25th calendar day of the month PRECEDING the delivery month (and, where the 25th is not a business day, 3 business days prior to the last business day preceding it). NOT CORROBORATED: no exchange-published roll date was found for CL at all; the 4-calendar-day lead is a broker-material convention and is the weakest figure in this table",1
CL,CLJ13,2013-02-15T22:00:00Z,2013-03-15T21:00:00Z,2013-03-20,months=FGHJKMNQUVXZ ltd=nymex_cl_ltd roll_anchor=ltd roll_lead_days=4,"RULE:NYMEX WTI is listed in ALL TWELVE calendar months; LTD = 3 business days before the 25th calendar day of the month PRECEDING the delivery month (and, where the 25th is not a business day, 3 business days prior to the last business day preceding it). NOT CORROBORATED: no exchange-published roll date was found for CL at all; the 4-calendar-day lead is a broker-material convention and is the weakest figure in this table",1
CL,CLK13,2013-03-15T21:00:00Z,2013-04-18T21:00:00Z,2013-04-22,months=FGHJKMNQUVXZ ltd=nymex_cl_ltd roll_anchor=ltd roll_lead_days=4,"RULE:NYMEX WTI is listed in ALL TWELVE calendar months; LTD = 3 business days before the 25th calendar day of the month PRECEDING the delivery month (and, where the 25th is not a business day, 3 business days prior to the last business day preceding it). NOT CORROBORATED: no exchange-published roll date was found for CL at all; the 4-calendar-day lead is a broker-material convention and is the weakest figure in this table",1
CL,CLM13,2013-04-18T21:00:00Z,2013-05-17T21:00:00Z,2013-05-21,months=FGHJKMNQUVXZ ltd=nymex_cl_ltd roll_anchor=ltd roll_lead_days=4,"RULE:NYMEX WTI is listed in ALL TWELVE calendar months; LTD = 3 business days before the 25th calendar day of the month PRECEDING the delivery month (and, where the 25th is not a business day, 3 business days prior to the last business day preceding it). NOT CORROBORATED: no exchange-published roll date was found for CL at all; the 4-calendar-day lead is a broker-material convention and is the weakest figure in this table",1
CL,CLN13,2013-05-17T21:00:00Z,2013-06-14T21:00:00Z,2013-06-20,months=FGHJKMNQUVXZ ltd=nymex_cl_ltd roll_anchor=ltd roll_lead_days=4,"RULE:NYMEX WTI is listed in ALL TWELVE calendar months; LTD = 3 business days before the 25th calendar day of the month PRECEDING the delivery month (and, where the 25th is not a business day, 3 business days prior to the last business day preceding it). NOT CORROBORATED: no exchange-published roll date was found for CL at all; the 4-calendar-day lead is a broker-material convention and is the weakest figure in this table",1
CL,CLQ13,2013-06-14T21:00:00Z,2013-07-18T21:00:00Z,2013-07-22,months=FGHJKMNQUVXZ ltd=nymex_cl_ltd roll_anchor=ltd roll_lead_days=4,"RULE:NYMEX WTI is listed in ALL TWELVE calendar months; LTD = 3 business days before the 25th calendar day of the month PRECEDING the delivery month (and, where the 25th is not a business day, 3 business days prior to the last business day preceding it). NOT CORROBORATED: no exchange-published roll date was found for CL at all; the 4-calendar-day lead is a broker-material convention and is the weakest figure in this table",1
CL,CLU13,2013-07-18T21:00:00Z,2013-08-16T21:00:00Z,2013-08-20,months=FGHJKMNQUVXZ ltd=nymex_cl_ltd roll_anchor=ltd roll_lead_days=4,"RULE:NYMEX WTI is listed in ALL TWELVE calendar months; LTD = 3 business days before the 25th calendar day of the month PRECEDING the delivery month (and, where the 25th is not a business day, 3 business days prior to the last business day preceding it). NOT CORROBORATED: no exchange-published roll date was found for CL at all; the 4-calendar-day lead is a broker-material convention and is the weakest figure in this table",1
CL,CLV13,2013-08-16T21:00:00Z,2013-09-16T21:00:00Z,2013-09-20,months=FGHJKMNQUVXZ ltd=nymex_cl_ltd roll_anchor=ltd roll_lead_days=4,"RULE:NYMEX WTI is listed in ALL TWELVE calendar months; LTD = 3 business days before the 25th calendar day of the month PRECEDING the delivery month (and, where the 25th is not a business day, 3 business days prior to the last business day preceding it). NOT CORROBORATED: no exchange-published roll date was found for CL at all; the 4-calendar-day lead is a broker-material convention and is the weakest figure in this table",1
CL,CLX13,2013-09-16T21:00:00Z,2013-10-18T21:00:00Z,2013-10-22,months=FGHJKMNQUVXZ ltd=nymex_cl_ltd roll_anchor=ltd roll_lead_days=4,"RULE:NYMEX WTI is listed in ALL TWELVE calendar months; LTD = 3 business days before the 25th calendar day of the month PRECEDING the delivery month (and, where the 25th is not a business day, 3 business days prior to the last business day preceding it). NOT CORROBORATED: no exchange-published roll date was found for CL at all; the 4-calendar-day lead is a broker-material convention and is the weakest figure in this table",1
CL,CLZ13,2013-10-18T21:00:00Z,2013-11-15T22:00:00Z,2013-11-20,months=FGHJKMNQUVXZ ltd=nymex_cl_ltd roll_anchor=ltd roll_lead_days=4,"RULE:NYMEX WTI is listed in ALL TWELVE calendar months; LTD = 3 business days before the 25th calendar day of the month PRECEDING the delivery month (and, where the 25th is not a business day, 3 business days prior to the last business day preceding it). NOT CORROBORATED: no exchange-published roll date was found for CL at all; the 4-calendar-day lead is a broker-material convention and is the weakest figure in this table",1
CL,CLF14,2013-11-15T22:00:00Z,2013-12-13T22:00:00Z,2013-12-19,months=FGHJKMNQUVXZ ltd=nymex_cl_ltd roll_anchor=ltd roll_lead_days=4,"RULE:NYMEX WTI is listed in ALL TWELVE calendar months; LTD = 3 business days before the 25th calendar day of the month PRECEDING the delivery month (and, where the 25th is not a business day, 3 business days prior to the last business day preceding it). NOT CORROBORATED: no exchange-published roll date was found for CL at all; the 4-calendar-day lead is a broker-material convention and is the weakest figure in this table",1
CL,CLG14,2013-12-13T22:00:00Z,2014-01-17T22:00:00Z,2014-01-21,months=FGHJKMNQUVXZ ltd=nymex_cl_ltd roll_anchor=ltd roll_lead_days=4,"RULE:NYMEX WTI is listed in ALL TWELVE calendar months; LTD = 3 business days before the 25th calendar day of the month PRECEDING the delivery month (and, where the 25th is not a business day, 3 business days prior to the last business day preceding it). NOT CORROBORATED: no exchange-published roll date was found for CL at all; the 4-calendar-day lead is a broker-material convention and is the weakest figure in this table",1
CL,CLH14,2014-01-17T22:00:00Z,2014-02-14T22:00:00Z,2014-02-20,months=FGHJKMNQUVXZ ltd=nymex_cl_ltd roll_anchor=ltd roll_lead_days=4,"RULE:NYMEX WTI is listed in ALL TWELVE calendar months; LTD = 3 business days before the 25th calendar day of the month PRECEDING the delivery month (and, where the 25th is not a business day, 3 business days prior to the last business day preceding it). NOT CORROBORATED: no exchange-published roll date was found for CL at all; the 4-calendar-day lead is a broker-material convention and is the weakest figure in this table",1
CL,CLJ14,2014-02-14T22:00:00Z,2014-03-14T21:00:00Z,2014-03-20,months=FGHJKMNQUVXZ ltd=nymex_cl_ltd roll_anchor=ltd roll_lead_days=4,"RULE:NYMEX WTI is listed in ALL TWELVE calendar months; LTD = 3 business days before the 25th calendar day of the month PRECEDING the delivery month (and, where the 25th is not a business day, 3 business days prior to the last business day preceding it). NOT CORROBORATED: no exchange-published roll date was found for CL at all; the 4-calendar-day lead is a broker-material convention and is the weakest figure in this table",1
CL,CLK14,2014-03-14T21:00:00Z,2014-04-17T21:00:00Z,2014-04-22,months=FGHJKMNQUVXZ ltd=nymex_cl_ltd roll_anchor=ltd roll_lead_days=4,"RULE:NYMEX WTI is listed in ALL TWELVE calendar months; LTD = 3 business days before the 25th calendar day of the month PRECEDING the delivery month (and, where the 25th is not a business day, 3 business days prior to the last business day preceding it). NOT CORROBORATED: no exchange-published roll date was found for CL at all; the 4-calendar-day lead is a broker-material convention and is the weakest figure in this table",1
CL,CLM14,2014-04-17T21:00:00Z,2014-05-16T21:00:00Z,2014-05-20,months=FGHJKMNQUVXZ ltd=nymex_cl_ltd roll_anchor=ltd roll_lead_days=4,"RULE:NYMEX WTI is listed in ALL TWELVE calendar months; LTD = 3 business days before the 25th calendar day of the month PRECEDING the delivery month (and, where the 25th is not a business day, 3 business days prior to the last business day preceding it). NOT CORROBORATED: no exchange-published roll date was found for CL at all; the 4-calendar-day lead is a broker-material convention and is the weakest figure in this table",1
CL,CLN14,2014-05-16T21:00:00Z,2014-06-16T21:00:00Z,2014-06-20,months=FGHJKMNQUVXZ ltd=nymex_cl_ltd roll_anchor=ltd roll_lead_days=4,"RULE:NYMEX WTI is listed in ALL TWELVE calendar months; LTD = 3 business days before the 25th calendar day of the month PRECEDING the delivery month (and, where the 25th is not a business day, 3 business days prior to the last business day preceding it). NOT CORROBORATED: no exchange-published roll date was found for CL at all; the 4-calendar-day lead is a broker-material convention and is the weakest figure in this table",1
CL,CLQ14,2014-06-16T21:00:00Z,2014-07-18T21:00:00Z,2014-07-22,months=FGHJKMNQUVXZ ltd=nymex_cl_ltd roll_anchor=ltd roll_lead_days=4,"RULE:NYMEX WTI is listed in ALL TWELVE calendar months; LTD = 3 business days before the 25th calendar day of the month PRECEDING the delivery month (and, where the 25th is not a business day, 3 business days prior to the last business day preceding it). NOT CORROBORATED: no exchange-published roll date was found for CL at all; the 4-calendar-day lead is a broker-material convention and is the weakest figure in this table",1
CL,CLU14,2014-07-18T21:00:00Z,2014-08-15T21:00:00Z,2014-08-20,months=FGHJKMNQUVXZ ltd=nymex_cl_ltd roll_anchor=ltd roll_lead_days=4,"RULE:NYMEX WTI is listed in ALL TWELVE calendar months; LTD = 3 business days before the 25th calendar day of the month PRECEDING the delivery month (and, where the 25th is not a business day, 3 business days prior to the last business day preceding it). NOT CORROBORATED: no exchange-published roll date was found for CL at all; the 4-calendar-day lead is a broker-material convention and is the weakest figure in this table",1
CL,CLV14,2014-08-15T21:00:00Z,2014-09-18T21:00:00Z,2014-09-22,months=FGHJKMNQUVXZ ltd=nymex_cl_ltd roll_anchor=ltd roll_lead_days=4,"RULE:NYMEX WTI is listed in ALL TWELVE calendar months; LTD = 3 business days before the 25th calendar day of the month PRECEDING the delivery month (and, where the 25th is not a business day, 3 business days prior to the last business day preceding it). NOT CORROBORATED: no exchange-published roll date was found for CL at all; the 4-calendar-day lead is a broker-material convention and is the weakest figure in this table",1
CL,CLX14,2014-09-18T21:00:00Z,2014-10-17T21:00:00Z,2014-10-21,months=FGHJKMNQUVXZ ltd=nymex_cl_ltd roll_anchor=ltd roll_lead_days=4,"RULE:NYMEX WTI is listed in ALL TWELVE calendar months; LTD = 3 business days before the 25th calendar day of the month PRECEDING the delivery month (and, where the 25th is not a business day, 3 business days prior to the last business day preceding it). NOT CORROBORATED: no exchange-published roll date was found for CL at all; the 4-calendar-day lead is a broker-material convention and is the weakest figure in this table",1
CL,CLZ14,2014-10-17T21:00:00Z,2014-11-14T22:00:00Z,2014-11-20,months=FGHJKMNQUVXZ ltd=nymex_cl_ltd roll_anchor=ltd roll_lead_days=4,"RULE:NYMEX WTI is listed in ALL TWELVE calendar months; LTD = 3 business days before the 25th calendar day of the month PRECEDING the delivery month (and, where the 25th is not a business day, 3 business days prior to the last business day preceding it). NOT CORROBORATED: no exchange-published roll date was found for CL at all; the 4-calendar-day lead is a broker-material convention and is the weakest figure in this table",1
CL,CLF15,2014-11-14T22:00:00Z,2014-12-15T22:00:00Z,2014-12-19,months=FGHJKMNQUVXZ ltd=nymex_cl_ltd roll_anchor=ltd roll_lead_days=4,"RULE:NYMEX WTI is listed in ALL TWELVE calendar months; LTD = 3 business days before the 25th calendar day of the month PRECEDING the delivery month (and, where the 25th is not a business day, 3 business days prior to the last business day preceding it). NOT CORROBORATED: no exchange-published roll date was found for CL at all; the 4-calendar-day lead is a broker-material convention and is the weakest figure in this table",1
CL,CLG15,2014-12-15T22:00:00Z,2015-01-16T22:00:00Z,2015-01-20,months=FGHJKMNQUVXZ ltd=nymex_cl_ltd roll_anchor=ltd roll_lead_days=4,"RULE:NYMEX WTI is listed in ALL TWELVE calendar months; LTD = 3 business days before the 25th calendar day of the month PRECEDING the delivery month (and, where the 25th is not a business day, 3 business days prior to the last business day preceding it). NOT CORROBORATED: no exchange-published roll date was found for CL at all; the 4-calendar-day lead is a broker-material convention and is the weakest figure in this table",1
CL,CLH15,2015-01-16T22:00:00Z,2015-02-16T18:00:00Z,2015-02-20,months=FGHJKMNQUVXZ ltd=nymex_cl_ltd roll_anchor=ltd roll_lead_days=4,"RULE:NYMEX WTI is listed in ALL TWELVE calendar months; LTD = 3 business days before the 25th calendar day of the month PRECEDING the delivery month (and, where the 25th is not a business day, 3 business days prior to the last business day preceding it). NOT CORROBORATED: no exchange-published roll date was found for CL at all; the 4-calendar-day lead is a broker-material convention and is the weakest figure in this table",1
CL,CLJ15,2015-02-16T18:00:00Z,2015-03-16T21:00:00Z,2015-03-20,months=FGHJKMNQUVXZ ltd=nymex_cl_ltd roll_anchor=ltd roll_lead_days=4,"RULE:NYMEX WTI is listed in ALL TWELVE calendar months; LTD = 3 business days before the 25th calendar day of the month PRECEDING the delivery month (and, where the 25th is not a business day, 3 business days prior to the last business day preceding it). NOT CORROBORATED: no exchange-published roll date was found for CL at all; the 4-calendar-day lead is a broker-material convention and is the weakest figure in this table",1
CL,CLK15,2015-03-16T21:00:00Z,2015-04-17T21:00:00Z,2015-04-21,months=FGHJKMNQUVXZ ltd=nymex_cl_ltd roll_anchor=ltd roll_lead_days=4,"RULE:NYMEX WTI is listed in ALL TWELVE calendar months; LTD = 3 business days before the 25th calendar day of the month PRECEDING the delivery month (and, where the 25th is not a business day, 3 business days prior to the last business day preceding it). NOT CORROBORATED: no exchange-published roll date was found for CL at all; the 4-calendar-day lead is a broker-material convention and is the weakest figure in this table",1
CL,CLM15,2015-04-17T21:00:00Z,2015-05-15T21:00:00Z,2015-05-20,months=FGHJKMNQUVXZ ltd=nymex_cl_ltd roll_anchor=ltd roll_lead_days=4,"RULE:NYMEX WTI is listed in ALL TWELVE calendar months; LTD = 3 business days before the 25th calendar day of the month PRECEDING the delivery month (and, where the 25th is not a business day, 3 business days prior to the last business day preceding it). NOT CORROBORATED: no exchange-published roll date was found for CL at all; the 4-calendar-day lead is a broker-material convention and is the weakest figure in this table",1
CL,CLN15,2015-05-15T21:00:00Z,2015-06-18T21:00:00Z,2015-06-22,months=FGHJKMNQUVXZ ltd=nymex_cl_ltd roll_anchor=ltd roll_lead_days=4,"RULE:NYMEX WTI is listed in ALL TWELVE calendar months; LTD = 3 business days before the 25th calendar day of the month PRECEDING the delivery month (and, where the 25th is not a business day, 3 business days prior to the last business day preceding it). NOT CORROBORATED: no exchange-published roll date was found for CL at all; the 4-calendar-day lead is a broker-material convention and is the weakest figure in this table",1
CL,CLQ15,2015-06-18T21:00:00Z,2015-07-17T21:00:00Z,2015-07-21,months=FGHJKMNQUVXZ ltd=nymex_cl_ltd roll_anchor=ltd roll_lead_days=4,"RULE:NYMEX WTI is listed in ALL TWELVE calendar months; LTD = 3 business days before the 25th calendar day of the month PRECEDING the delivery month (and, where the 25th is not a business day, 3 business days prior to the last business day preceding it). NOT CORROBORATED: no exchange-published roll date was found for CL at all; the 4-calendar-day lead is a broker-material convention and is the weakest figure in this table",1
CL,CLU15,2015-07-17T21:00:00Z,2015-08-14T21:00:00Z,2015-08-20,months=FGHJKMNQUVXZ ltd=nymex_cl_ltd roll_anchor=ltd roll_lead_days=4,"RULE:NYMEX WTI is listed in ALL TWELVE calendar months; LTD = 3 business days before the 25th calendar day of the month PRECEDING the delivery month (and, where the 25th is not a business day, 3 business days prior to the last business day preceding it). NOT CORROBORATED: no exchange-published roll date was found for CL at all; the 4-calendar-day lead is a broker-material convention and is the weakest figure in this table",1
CL,CLV15,2015-08-14T21:00:00Z,2015-09-18T21:00:00Z,2015-09-22,months=FGHJKMNQUVXZ ltd=nymex_cl_ltd roll_anchor=ltd roll_lead_days=4,"RULE:NYMEX WTI is listed in ALL TWELVE calendar months; LTD = 3 business days before the 25th calendar day of the month PRECEDING the delivery month (and, where the 25th is not a business day, 3 business days prior to the last business day preceding it). NOT CORROBORATED: no exchange-published roll date was found for CL at all; the 4-calendar-day lead is a broker-material convention and is the weakest figure in this table",1
CL,CLX15,2015-09-18T21:00:00Z,2015-10-16T21:00:00Z,2015-10-20,months=FGHJKMNQUVXZ ltd=nymex_cl_ltd roll_anchor=ltd roll_lead_days=4,"RULE:NYMEX WTI is listed in ALL TWELVE calendar months; LTD = 3 business days before the 25th calendar day of the month PRECEDING the delivery month (and, where the 25th is not a business day, 3 business days prior to the last business day preceding it). NOT CORROBORATED: no exchange-published roll date was found for CL at all; the 4-calendar-day lead is a broker-material convention and is the weakest figure in this table",1
CL,CLZ15,2015-10-16T21:00:00Z,2015-11-16T22:00:00Z,2015-11-20,months=FGHJKMNQUVXZ ltd=nymex_cl_ltd roll_anchor=ltd roll_lead_days=4,"RULE:NYMEX WTI is listed in ALL TWELVE calendar months; LTD = 3 business days before the 25th calendar day of the month PRECEDING the delivery month (and, where the 25th is not a business day, 3 business days prior to the last business day preceding it). NOT CORROBORATED: no exchange-published roll date was found for CL at all; the 4-calendar-day lead is a broker-material convention and is the weakest figure in this table",1
CL,CLF16,2015-11-16T22:00:00Z,2015-12-17T22:00:00Z,2015-12-21,months=FGHJKMNQUVXZ ltd=nymex_cl_ltd roll_anchor=ltd roll_lead_days=4,"RULE:NYMEX WTI is listed in ALL TWELVE calendar months; LTD = 3 business days before the 25th calendar day of the month PRECEDING the delivery month (and, where the 25th is not a business day, 3 business days prior to the last business day preceding it). NOT CORROBORATED: no exchange-published roll date was found for CL at all; the 4-calendar-day lead is a broker-material convention and is the weakest figure in this table",1
CL,CLG16,2015-12-17T22:00:00Z,2016-01-15T22:00:00Z,2016-01-20,months=FGHJKMNQUVXZ ltd=nymex_cl_ltd roll_anchor=ltd roll_lead_days=4,"RULE:NYMEX WTI is listed in ALL TWELVE calendar months; LTD = 3 business days before the 25th calendar day of the month PRECEDING the delivery month (and, where the 25th is not a business day, 3 business days prior to the last business day preceding it). NOT CORROBORATED: no exchange-published roll date was found for CL at all; the 4-calendar-day lead is a broker-material convention and is the weakest figure in this table",1
CL,CLH16,2016-01-15T22:00:00Z,2016-02-18T22:00:00Z,2016-02-22,months=FGHJKMNQUVXZ ltd=nymex_cl_ltd roll_anchor=ltd roll_lead_days=4,"RULE:NYMEX WTI is listed in ALL TWELVE calendar months; LTD = 3 business days before the 25th calendar day of the month PRECEDING the delivery month (and, where the 25th is not a business day, 3 business days prior to the last business day preceding it). NOT CORROBORATED: no exchange-published roll date was found for CL at all; the 4-calendar-day lead is a broker-material convention and is the weakest figure in this table",1
CL,CLJ16,2016-02-18T22:00:00Z,2016-03-17T21:00:00Z,2016-03-21,months=FGHJKMNQUVXZ ltd=nymex_cl_ltd roll_anchor=ltd roll_lead_days=4,"RULE:NYMEX WTI is listed in ALL TWELVE calendar months; LTD = 3 business days before the 25th calendar day of the month PRECEDING the delivery month (and, where the 25th is not a business day, 3 business days prior to the last business day preceding it). NOT CORROBORATED: no exchange-published roll date was found for CL at all; the 4-calendar-day lead is a broker-material convention and is the weakest figure in this table",1
CL,CLK16,2016-03-17T21:00:00Z,2016-04-15T21:00:00Z,2016-04-20,months=FGHJKMNQUVXZ ltd=nymex_cl_ltd roll_anchor=ltd roll_lead_days=4,"RULE:NYMEX WTI is listed in ALL TWELVE calendar months; LTD = 3 business days before the 25th calendar day of the month PRECEDING the delivery month (and, where the 25th is not a business day, 3 business days prior to the last business day preceding it). NOT CORROBORATED: no exchange-published roll date was found for CL at all; the 4-calendar-day lead is a broker-material convention and is the weakest figure in this table",1
CL,CLM16,2016-04-15T21:00:00Z,2016-05-16T21:00:00Z,2016-05-20,months=FGHJKMNQUVXZ ltd=nymex_cl_ltd roll_anchor=ltd roll_lead_days=4,"RULE:NYMEX WTI is listed in ALL TWELVE calendar months; LTD = 3 business days before the 25th calendar day of the month PRECEDING the delivery month (and, where the 25th is not a business day, 3 business days prior to the last business day preceding it). NOT CORROBORATED: no exchange-published roll date was found for CL at all; the 4-calendar-day lead is a broker-material convention and is the weakest figure in this table",1
CL,CLN16,2016-05-16T21:00:00Z,2016-06-17T21:00:00Z,2016-06-21,months=FGHJKMNQUVXZ ltd=nymex_cl_ltd roll_anchor=ltd roll_lead_days=4,"RULE:NYMEX WTI is listed in ALL TWELVE calendar months; LTD = 3 business days before the 25th calendar day of the month PRECEDING the delivery month (and, where the 25th is not a business day, 3 business days prior to the last business day preceding it). NOT CORROBORATED: no exchange-published roll date was found for CL at all; the 4-calendar-day lead is a broker-material convention and is the weakest figure in this table",1
CL,CLQ16,2016-06-17T21:00:00Z,2016-07-15T21:00:00Z,2016-07-20,months=FGHJKMNQUVXZ ltd=nymex_cl_ltd roll_anchor=ltd roll_lead_days=4,"RULE:NYMEX WTI is listed in ALL TWELVE calendar months; LTD = 3 business days before the 25th calendar day of the month PRECEDING the delivery month (and, where the 25th is not a business day, 3 business days prior to the last business day preceding it). NOT CORROBORATED: no exchange-published roll date was found for CL at all; the 4-calendar-day lead is a broker-material convention and is the weakest figure in this table",1
CL,CLU16,2016-07-15T21:00:00Z,2016-08-18T21:00:00Z,2016-08-22,months=FGHJKMNQUVXZ ltd=nymex_cl_ltd roll_anchor=ltd roll_lead_days=4,"RULE:NYMEX WTI is listed in ALL TWELVE calendar months; LTD = 3 business days before the 25th calendar day of the month PRECEDING the delivery month (and, where the 25th is not a business day, 3 business days prior to the last business day preceding it). NOT CORROBORATED: no exchange-published roll date was found for CL at all; the 4-calendar-day lead is a broker-material convention and is the weakest figure in this table",1
CL,CLV16,2016-08-18T21:00:00Z,2016-09-16T21:00:00Z,2016-09-20,months=FGHJKMNQUVXZ ltd=nymex_cl_ltd roll_anchor=ltd roll_lead_days=4,"RULE:NYMEX WTI is listed in ALL TWELVE calendar months; LTD = 3 business days before the 25th calendar day of the month PRECEDING the delivery month (and, where the 25th is not a business day, 3 business days prior to the last business day preceding it). NOT CORROBORATED: no exchange-published roll date was found for CL at all; the 4-calendar-day lead is a broker-material convention and is the weakest figure in this table",1
CL,CLX16,2016-09-16T21:00:00Z,2016-10-14T21:00:00Z,2016-10-20,months=FGHJKMNQUVXZ ltd=nymex_cl_ltd roll_anchor=ltd roll_lead_days=4,"RULE:NYMEX WTI is listed in ALL TWELVE calendar months; LTD = 3 business days before the 25th calendar day of the month PRECEDING the delivery month (and, where the 25th is not a business day, 3 business days prior to the last business day preceding it). NOT CORROBORATED: no exchange-published roll date was found for CL at all; the 4-calendar-day lead is a broker-material convention and is the weakest figure in this table",1
CL,CLZ16,2016-10-14T21:00:00Z,2016-11-18T22:00:00Z,2016-11-22,months=FGHJKMNQUVXZ ltd=nymex_cl_ltd roll_anchor=ltd roll_lead_days=4,"RULE:NYMEX WTI is listed in ALL TWELVE calendar months; LTD = 3 business days before the 25th calendar day of the month PRECEDING the delivery month (and, where the 25th is not a business day, 3 business days prior to the last business day preceding it). NOT CORROBORATED: no exchange-published roll date was found for CL at all; the 4-calendar-day lead is a broker-material convention and is the weakest figure in this table",1
CL,CLF17,2016-11-18T22:00:00Z,2016-12-16T22:00:00Z,2016-12-20,months=FGHJKMNQUVXZ ltd=nymex_cl_ltd roll_anchor=ltd roll_lead_days=4,"RULE:NYMEX WTI is listed in ALL TWELVE calendar months; LTD = 3 business days before the 25th calendar day of the month PRECEDING the delivery month (and, where the 25th is not a business day, 3 business days prior to the last business day preceding it). NOT CORROBORATED: no exchange-published roll date was found for CL at all; the 4-calendar-day lead is a broker-material convention and is the weakest figure in this table",1
CL,CLG17,2016-12-16T22:00:00Z,2017-01-16T18:00:00Z,2017-01-20,months=FGHJKMNQUVXZ ltd=nymex_cl_ltd roll_anchor=ltd roll_lead_days=4,"RULE:NYMEX WTI is listed in ALL TWELVE calendar months; LTD = 3 business days before the 25th calendar day of the month PRECEDING the delivery month (and, where the 25th is not a business day, 3 business days prior to the last business day preceding it). NOT CORROBORATED: no exchange-published roll date was found for CL at all; the 4-calendar-day lead is a broker-material convention and is the weakest figure in this table",1
CL,CLH17,2017-01-16T18:00:00Z,2017-02-17T22:00:00Z,2017-02-21,months=FGHJKMNQUVXZ ltd=nymex_cl_ltd roll_anchor=ltd roll_lead_days=4,"RULE:NYMEX WTI is listed in ALL TWELVE calendar months; LTD = 3 business days before the 25th calendar day of the month PRECEDING the delivery month (and, where the 25th is not a business day, 3 business days prior to the last business day preceding it). NOT CORROBORATED: no exchange-published roll date was found for CL at all; the 4-calendar-day lead is a broker-material convention and is the weakest figure in this table",1
CL,CLJ17,2017-02-17T22:00:00Z,2017-03-17T21:00:00Z,2017-03-21,months=FGHJKMNQUVXZ ltd=nymex_cl_ltd roll_anchor=ltd roll_lead_days=4,"RULE:NYMEX WTI is listed in ALL TWELVE calendar months; LTD = 3 business days before the 25th calendar day of the month PRECEDING the delivery month (and, where the 25th is not a business day, 3 business days prior to the last business day preceding it). NOT CORROBORATED: no exchange-published roll date was found for CL at all; the 4-calendar-day lead is a broker-material convention and is the weakest figure in this table",1
CL,CLK17,2017-03-17T21:00:00Z,2017-04-13T21:00:00Z,2017-04-20,months=FGHJKMNQUVXZ ltd=nymex_cl_ltd roll_anchor=ltd roll_lead_days=4,"RULE:NYMEX WTI is listed in ALL TWELVE calendar months; LTD = 3 business days before the 25th calendar day of the month PRECEDING the delivery month (and, where the 25th is not a business day, 3 business days prior to the last business day preceding it). NOT CORROBORATED: no exchange-published roll date was found for CL at all; the 4-calendar-day lead is a broker-material convention and is the weakest figure in this table",1
CL,CLM17,2017-04-13T21:00:00Z,2017-05-18T21:00:00Z,2017-05-22,months=FGHJKMNQUVXZ ltd=nymex_cl_ltd roll_anchor=ltd roll_lead_days=4,"RULE:NYMEX WTI is listed in ALL TWELVE calendar months; LTD = 3 business days before the 25th calendar day of the month PRECEDING the delivery month (and, where the 25th is not a business day, 3 business days prior to the last business day preceding it). NOT CORROBORATED: no exchange-published roll date was found for CL at all; the 4-calendar-day lead is a broker-material convention and is the weakest figure in this table",1
CL,CLN17,2017-05-18T21:00:00Z,2017-06-16T21:00:00Z,2017-06-20,months=FGHJKMNQUVXZ ltd=nymex_cl_ltd roll_anchor=ltd roll_lead_days=4,"RULE:NYMEX WTI is listed in ALL TWELVE calendar months; LTD = 3 business days before the 25th calendar day of the month PRECEDING the delivery month (and, where the 25th is not a business day, 3 business days prior to the last business day preceding it). NOT CORROBORATED: no exchange-published roll date was found for CL at all; the 4-calendar-day lead is a broker-material convention and is the weakest figure in this table",1
CL,CLQ17,2017-06-16T21:00:00Z,2017-07-14T21:00:00Z,2017-07-20,months=FGHJKMNQUVXZ ltd=nymex_cl_ltd roll_anchor=ltd roll_lead_days=4,"RULE:NYMEX WTI is listed in ALL TWELVE calendar months; LTD = 3 business days before the 25th calendar day of the month PRECEDING the delivery month (and, where the 25th is not a business day, 3 business days prior to the last business day preceding it). NOT CORROBORATED: no exchange-published roll date was found for CL at all; the 4-calendar-day lead is a broker-material convention and is the weakest figure in this table",1
CL,CLU17,2017-07-14T21:00:00Z,2017-08-18T21:00:00Z,2017-08-22,months=FGHJKMNQUVXZ ltd=nymex_cl_ltd roll_anchor=ltd roll_lead_days=4,"RULE:NYMEX WTI is listed in ALL TWELVE calendar months; LTD = 3 business days before the 25th calendar day of the month PRECEDING the delivery month (and, where the 25th is not a business day, 3 business days prior to the last business day preceding it). NOT CORROBORATED: no exchange-published roll date was found for CL at all; the 4-calendar-day lead is a broker-material convention and is the weakest figure in this table",1
CL,CLV17,2017-08-18T21:00:00Z,2017-09-15T21:00:00Z,2017-09-20,months=FGHJKMNQUVXZ ltd=nymex_cl_ltd roll_anchor=ltd roll_lead_days=4,"RULE:NYMEX WTI is listed in ALL TWELVE calendar months; LTD = 3 business days before the 25th calendar day of the month PRECEDING the delivery month (and, where the 25th is not a business day, 3 business days prior to the last business day preceding it). NOT CORROBORATED: no exchange-published roll date was found for CL at all; the 4-calendar-day lead is a broker-material convention and is the weakest figure in this table",1
CL,CLX17,2017-09-15T21:00:00Z,2017-10-16T21:00:00Z,2017-10-20,months=FGHJKMNQUVXZ ltd=nymex_cl_ltd roll_anchor=ltd roll_lead_days=4,"RULE:NYMEX WTI is listed in ALL TWELVE calendar months; LTD = 3 business days before the 25th calendar day of the month PRECEDING the delivery month (and, where the 25th is not a business day, 3 business days prior to the last business day preceding it). NOT CORROBORATED: no exchange-published roll date was found for CL at all; the 4-calendar-day lead is a broker-material convention and is the weakest figure in this table",1
CL,CLZ17,2017-10-16T21:00:00Z,2017-11-17T22:00:00Z,2017-11-21,months=FGHJKMNQUVXZ ltd=nymex_cl_ltd roll_anchor=ltd roll_lead_days=4,"RULE:NYMEX WTI is listed in ALL TWELVE calendar months; LTD = 3 business days before the 25th calendar day of the month PRECEDING the delivery month (and, where the 25th is not a business day, 3 business days prior to the last business day preceding it). NOT CORROBORATED: no exchange-published roll date was found for CL at all; the 4-calendar-day lead is a broker-material convention and is the weakest figure in this table",1
CL,CLF18,2017-11-17T22:00:00Z,2017-12-15T22:00:00Z,2017-12-19,months=FGHJKMNQUVXZ ltd=nymex_cl_ltd roll_anchor=ltd roll_lead_days=4,"RULE:NYMEX WTI is listed in ALL TWELVE calendar months; LTD = 3 business days before the 25th calendar day of the month PRECEDING the delivery month (and, where the 25th is not a business day, 3 business days prior to the last business day preceding it). NOT CORROBORATED: no exchange-published roll date was found for CL at all; the 4-calendar-day lead is a broker-material convention and is the weakest figure in this table",1
CL,CLG18,2017-12-15T22:00:00Z,2018-01-18T22:00:00Z,2018-01-22,months=FGHJKMNQUVXZ ltd=nymex_cl_ltd roll_anchor=ltd roll_lead_days=4,"RULE:NYMEX WTI is listed in ALL TWELVE calendar months; LTD = 3 business days before the 25th calendar day of the month PRECEDING the delivery month (and, where the 25th is not a business day, 3 business days prior to the last business day preceding it). NOT CORROBORATED: no exchange-published roll date was found for CL at all; the 4-calendar-day lead is a broker-material convention and is the weakest figure in this table",1
CL,CLH18,2018-01-18T22:00:00Z,2018-02-16T22:00:00Z,2018-02-20,months=FGHJKMNQUVXZ ltd=nymex_cl_ltd roll_anchor=ltd roll_lead_days=4,"RULE:NYMEX WTI is listed in ALL TWELVE calendar months; LTD = 3 business days before the 25th calendar day of the month PRECEDING the delivery month (and, where the 25th is not a business day, 3 business days prior to the last business day preceding it). NOT CORROBORATED: no exchange-published roll date was found for CL at all; the 4-calendar-day lead is a broker-material convention and is the weakest figure in this table",1
CL,CLJ18,2018-02-16T22:00:00Z,2018-03-16T21:00:00Z,2018-03-20,months=FGHJKMNQUVXZ ltd=nymex_cl_ltd roll_anchor=ltd roll_lead_days=4,"RULE:NYMEX WTI is listed in ALL TWELVE calendar months; LTD = 3 business days before the 25th calendar day of the month PRECEDING the delivery month (and, where the 25th is not a business day, 3 business days prior to the last business day preceding it). NOT CORROBORATED: no exchange-published roll date was found for CL at all; the 4-calendar-day lead is a broker-material convention and is the weakest figure in this table",1
CL,CLK18,2018-03-16T21:00:00Z,2018-04-16T21:00:00Z,2018-04-20,months=FGHJKMNQUVXZ ltd=nymex_cl_ltd roll_anchor=ltd roll_lead_days=4,"RULE:NYMEX WTI is listed in ALL TWELVE calendar months; LTD = 3 business days before the 25th calendar day of the month PRECEDING the delivery month (and, where the 25th is not a business day, 3 business days prior to the last business day preceding it). NOT CORROBORATED: no exchange-published roll date was found for CL at all; the 4-calendar-day lead is a broker-material convention and is the weakest figure in this table",1
CL,CLM18,2018-04-16T21:00:00Z,2018-05-18T21:00:00Z,2018-05-22,months=FGHJKMNQUVXZ ltd=nymex_cl_ltd roll_anchor=ltd roll_lead_days=4,"RULE:NYMEX WTI is listed in ALL TWELVE calendar months; LTD = 3 business days before the 25th calendar day of the month PRECEDING the delivery month (and, where the 25th is not a business day, 3 business days prior to the last business day preceding it). NOT CORROBORATED: no exchange-published roll date was found for CL at all; the 4-calendar-day lead is a broker-material convention and is the weakest figure in this table",1
CL,CLN18,2018-05-18T21:00:00Z,2018-06-15T21:00:00Z,2018-06-20,months=FGHJKMNQUVXZ ltd=nymex_cl_ltd roll_anchor=ltd roll_lead_days=4,"RULE:NYMEX WTI is listed in ALL TWELVE calendar months; LTD = 3 business days before the 25th calendar day of the month PRECEDING the delivery month (and, where the 25th is not a business day, 3 business days prior to the last business day preceding it). NOT CORROBORATED: no exchange-published roll date was found for CL at all; the 4-calendar-day lead is a broker-material convention and is the weakest figure in this table",1
CL,CLQ18,2018-06-15T21:00:00Z,2018-07-16T21:00:00Z,2018-07-20,months=FGHJKMNQUVXZ ltd=nymex_cl_ltd roll_anchor=ltd roll_lead_days=4,"RULE:NYMEX WTI is listed in ALL TWELVE calendar months; LTD = 3 business days before the 25th calendar day of the month PRECEDING the delivery month (and, where the 25th is not a business day, 3 business days prior to the last business day preceding it). NOT CORROBORATED: no exchange-published roll date was found for CL at all; the 4-calendar-day lead is a broker-material convention and is the weakest figure in this table",1
CL,CLU18,2018-07-16T21:00:00Z,2018-08-17T21:00:00Z,2018-08-21,months=FGHJKMNQUVXZ ltd=nymex_cl_ltd roll_anchor=ltd roll_lead_days=4,"RULE:NYMEX WTI is listed in ALL TWELVE calendar months; LTD = 3 business days before the 25th calendar day of the month PRECEDING the delivery month (and, where the 25th is not a business day, 3 business days prior to the last business day preceding it). NOT CORROBORATED: no exchange-published roll date was found for CL at all; the 4-calendar-day lead is a broker-material convention and is the weakest figure in this table",1
CL,CLV18,2018-08-17T21:00:00Z,2018-09-14T21:00:00Z,2018-09-20,months=FGHJKMNQUVXZ ltd=nymex_cl_ltd roll_anchor=ltd roll_lead_days=4,"RULE:NYMEX WTI is listed in ALL TWELVE calendar months; LTD = 3 business days before the 25th calendar day of the month PRECEDING the delivery month (and, where the 25th is not a business day, 3 business days prior to the last business day preceding it). NOT CORROBORATED: no exchange-published roll date was found for CL at all; the 4-calendar-day lead is a broker-material convention and is the weakest figure in this table",1
CL,CLX18,2018-09-14T21:00:00Z,2018-10-18T21:00:00Z,2018-10-22,months=FGHJKMNQUVXZ ltd=nymex_cl_ltd roll_anchor=ltd roll_lead_days=4,"RULE:NYMEX WTI is listed in ALL TWELVE calendar months; LTD = 3 business days before the 25th calendar day of the month PRECEDING the delivery month (and, where the 25th is not a business day, 3 business days prior to the last business day preceding it). NOT CORROBORATED: no exchange-published roll date was found for CL at all; the 4-calendar-day lead is a broker-material convention and is the weakest figure in this table",1
CL,CLZ18,2018-10-18T21:00:00Z,2018-11-16T22:00:00Z,2018-11-20,months=FGHJKMNQUVXZ ltd=nymex_cl_ltd roll_anchor=ltd roll_lead_days=4,"RULE:NYMEX WTI is listed in ALL TWELVE calendar months; LTD = 3 business days before the 25th calendar day of the month PRECEDING the delivery month (and, where the 25th is not a business day, 3 business days prior to the last business day preceding it). NOT CORROBORATED: no exchange-published roll date was found for CL at all; the 4-calendar-day lead is a broker-material convention and is the weakest figure in this table",1
CL,CLF19,2018-11-16T22:00:00Z,2018-12-14T22:00:00Z,2018-12-19,months=FGHJKMNQUVXZ ltd=nymex_cl_ltd roll_anchor=ltd roll_lead_days=4,"RULE:NYMEX WTI is listed in ALL TWELVE calendar months; LTD = 3 business days before the 25th calendar day of the month PRECEDING the delivery month (and, where the 25th is not a business day, 3 business days prior to the last business day preceding it). NOT CORROBORATED: no exchange-published roll date was found for CL at all; the 4-calendar-day lead is a broker-material convention and is the weakest figure in this table",1
CL,CLG19,2018-12-14T22:00:00Z,2019-01-18T22:00:00Z,2019-01-22,months=FGHJKMNQUVXZ ltd=nymex_cl_ltd roll_anchor=ltd roll_lead_days=4,"RULE:NYMEX WTI is listed in ALL TWELVE calendar months; LTD = 3 business days before the 25th calendar day of the month PRECEDING the delivery month (and, where the 25th is not a business day, 3 business days prior to the last business day preceding it). NOT CORROBORATED: no exchange-published roll date was found for CL at all; the 4-calendar-day lead is a broker-material convention and is the weakest figure in this table",1
CL,CLH19,2019-01-18T22:00:00Z,2019-02-15T22:00:00Z,2019-02-20,months=FGHJKMNQUVXZ ltd=nymex_cl_ltd roll_anchor=ltd roll_lead_days=4,"RULE:NYMEX WTI is listed in ALL TWELVE calendar months; LTD = 3 business days before the 25th calendar day of the month PRECEDING the delivery month (and, where the 25th is not a business day, 3 business days prior to the last business day preceding it). NOT CORROBORATED: no exchange-published roll date was found for CL at all; the 4-calendar-day lead is a broker-material convention and is the weakest figure in this table",1
CL,CLJ19,2019-02-15T22:00:00Z,2019-03-15T21:00:00Z,2019-03-20,months=FGHJKMNQUVXZ ltd=nymex_cl_ltd roll_anchor=ltd roll_lead_days=4,"RULE:NYMEX WTI is listed in ALL TWELVE calendar months; LTD = 3 business days before the 25th calendar day of the month PRECEDING the delivery month (and, where the 25th is not a business day, 3 business days prior to the last business day preceding it). NOT CORROBORATED: no exchange-published roll date was found for CL at all; the 4-calendar-day lead is a broker-material convention and is the weakest figure in this table",1
CL,CLK19,2019-03-15T21:00:00Z,2019-04-18T21:00:00Z,2019-04-22,months=FGHJKMNQUVXZ ltd=nymex_cl_ltd roll_anchor=ltd roll_lead_days=4,"RULE:NYMEX WTI is listed in ALL TWELVE calendar months; LTD = 3 business days before the 25th calendar day of the month PRECEDING the delivery month (and, where the 25th is not a business day, 3 business days prior to the last business day preceding it). NOT CORROBORATED: no exchange-published roll date was found for CL at all; the 4-calendar-day lead is a broker-material convention and is the weakest figure in this table",1
CL,CLM19,2019-04-18T21:00:00Z,2019-05-17T21:00:00Z,2019-05-21,months=FGHJKMNQUVXZ ltd=nymex_cl_ltd roll_anchor=ltd roll_lead_days=4,"RULE:NYMEX WTI is listed in ALL TWELVE calendar months; LTD = 3 business days before the 25th calendar day of the month PRECEDING the delivery month (and, where the 25th is not a business day, 3 business days prior to the last business day preceding it). NOT CORROBORATED: no exchange-published roll date was found for CL at all; the 4-calendar-day lead is a broker-material convention and is the weakest figure in this table",1
CL,CLN19,2019-05-17T21:00:00Z,2019-06-14T21:00:00Z,2019-06-20,months=FGHJKMNQUVXZ ltd=nymex_cl_ltd roll_anchor=ltd roll_lead_days=4,"RULE:NYMEX WTI is listed in ALL TWELVE calendar months; LTD = 3 business days before the 25th calendar day of the month PRECEDING the delivery month (and, where the 25th is not a business day, 3 business days prior to the last business day preceding it). NOT CORROBORATED: no exchange-published roll date was found for CL at all; the 4-calendar-day lead is a broker-material convention and is the weakest figure in this table",1
CL,CLQ19,2019-06-14T21:00:00Z,2019-07-18T21:00:00Z,2019-07-22,months=FGHJKMNQUVXZ ltd=nymex_cl_ltd roll_anchor=ltd roll_lead_days=4,"RULE:NYMEX WTI is listed in ALL TWELVE calendar months; LTD = 3 business days before the 25th calendar day of the month PRECEDING the delivery month (and, where the 25th is not a business day, 3 business days prior to the last business day preceding it). NOT CORROBORATED: no exchange-published roll date was found for CL at all; the 4-calendar-day lead is a broker-material convention and is the weakest figure in this table",1
CL,CLU19,2019-07-18T21:00:00Z,2019-08-16T21:00:00Z,2019-08-20,months=FGHJKMNQUVXZ ltd=nymex_cl_ltd roll_anchor=ltd roll_lead_days=4,"RULE:NYMEX WTI is listed in ALL TWELVE calendar months; LTD = 3 business days before the 25th calendar day of the month PRECEDING the delivery month (and, where the 25th is not a business day, 3 business days prior to the last business day preceding it). NOT CORROBORATED: no exchange-published roll date was found for CL at all; the 4-calendar-day lead is a broker-material convention and is the weakest figure in this table",1
CL,CLV19,2019-08-16T21:00:00Z,2019-09-16T21:00:00Z,2019-09-20,months=FGHJKMNQUVXZ ltd=nymex_cl_ltd roll_anchor=ltd roll_lead_days=4,"RULE:NYMEX WTI is listed in ALL TWELVE calendar months; LTD = 3 business days before the 25th calendar day of the month PRECEDING the delivery month (and, where the 25th is not a business day, 3 business days prior to the last business day preceding it). NOT CORROBORATED: no exchange-published roll date was found for CL at all; the 4-calendar-day lead is a broker-material convention and is the weakest figure in this table",1
CL,CLX19,2019-09-16T21:00:00Z,2019-10-18T21:00:00Z,2019-10-22,months=FGHJKMNQUVXZ ltd=nymex_cl_ltd roll_anchor=ltd roll_lead_days=4,"RULE:NYMEX WTI is listed in ALL TWELVE calendar months; LTD = 3 business days before the 25th calendar day of the month PRECEDING the delivery month (and, where the 25th is not a business day, 3 business days prior to the last business day preceding it). NOT CORROBORATED: no exchange-published roll date was found for CL at all; the 4-calendar-day lead is a broker-material convention and is the weakest figure in this table",1
CL,CLZ19,2019-10-18T21:00:00Z,2019-11-15T22:00:00Z,2019-11-20,months=FGHJKMNQUVXZ ltd=nymex_cl_ltd roll_anchor=ltd roll_lead_days=4,"RULE:NYMEX WTI is listed in ALL TWELVE calendar months; LTD = 3 business days before the 25th calendar day of the month PRECEDING the delivery month (and, where the 25th is not a business day, 3 business days prior to the last business day preceding it). NOT CORROBORATED: no exchange-published roll date was found for CL at all; the 4-calendar-day lead is a broker-material convention and is the weakest figure in this table",1
CL,CLF20,2019-11-15T22:00:00Z,2019-12-13T22:00:00Z,2019-12-19,months=FGHJKMNQUVXZ ltd=nymex_cl_ltd roll_anchor=ltd roll_lead_days=4,"RULE:NYMEX WTI is listed in ALL TWELVE calendar months; LTD = 3 business days before the 25th calendar day of the month PRECEDING the delivery month (and, where the 25th is not a business day, 3 business days prior to the last business day preceding it). NOT CORROBORATED: no exchange-published roll date was found for CL at all; the 4-calendar-day lead is a broker-material convention and is the weakest figure in this table",1
CL,CLG20,2019-12-13T22:00:00Z,2020-01-17T22:00:00Z,2020-01-21,months=FGHJKMNQUVXZ ltd=nymex_cl_ltd roll_anchor=ltd roll_lead_days=4,"RULE:NYMEX WTI is listed in ALL TWELVE calendar months; LTD = 3 business days before the 25th calendar day of the month PRECEDING the delivery month (and, where the 25th is not a business day, 3 business days prior to the last business day preceding it). NOT CORROBORATED: no exchange-published roll date was found for CL at all; the 4-calendar-day lead is a broker-material convention and is the weakest figure in this table",1
CL,CLH20,2020-01-17T22:00:00Z,2020-02-14T22:00:00Z,2020-02-20,months=FGHJKMNQUVXZ ltd=nymex_cl_ltd roll_anchor=ltd roll_lead_days=4,"RULE:NYMEX WTI is listed in ALL TWELVE calendar months; LTD = 3 business days before the 25th calendar day of the month PRECEDING the delivery month (and, where the 25th is not a business day, 3 business days prior to the last business day preceding it). NOT CORROBORATED: no exchange-published roll date was found for CL at all; the 4-calendar-day lead is a broker-material convention and is the weakest figure in this table",1
CL,CLJ20,2020-02-14T22:00:00Z,2020-03-16T21:00:00Z,2020-03-20,months=FGHJKMNQUVXZ ltd=nymex_cl_ltd roll_anchor=ltd roll_lead_days=4,"RULE:NYMEX WTI is listed in ALL TWELVE calendar months; LTD = 3 business days before the 25th calendar day of the month PRECEDING the delivery month (and, where the 25th is not a business day, 3 business days prior to the last business day preceding it). NOT CORROBORATED: no exchange-published roll date was found for CL at all; the 4-calendar-day lead is a broker-material convention and is the weakest figure in this table",1
CL,CLK20,2020-03-16T21:00:00Z,2020-04-17T21:00:00Z,2020-04-21,months=FGHJKMNQUVXZ ltd=nymex_cl_ltd roll_anchor=ltd roll_lead_days=4,"RULE:NYMEX WTI is listed in ALL TWELVE calendar months; LTD = 3 business days before the 25th calendar day of the month PRECEDING the delivery month (and, where the 25th is not a business day, 3 business days prior to the last business day preceding it). NOT CORROBORATED: no exchange-published roll date was found for CL at all; the 4-calendar-day lead is a broker-material convention and is the weakest figure in this table",1
CL,CLM20,2020-04-17T21:00:00Z,2020-05-15T21:00:00Z,2020-05-20,months=FGHJKMNQUVXZ ltd=nymex_cl_ltd roll_anchor=ltd roll_lead_days=4,"RULE:NYMEX WTI is listed in ALL TWELVE calendar months; LTD = 3 business days before the 25th calendar day of the month PRECEDING the delivery month (and, where the 25th is not a business day, 3 business days prior to the last business day preceding it). NOT CORROBORATED: no exchange-published roll date was found for CL at all; the 4-calendar-day lead is a broker-material convention and is the weakest figure in this table",1
CL,CLN20,2020-05-15T21:00:00Z,2020-06-18T21:00:00Z,2020-06-22,months=FGHJKMNQUVXZ ltd=nymex_cl_ltd roll_anchor=ltd roll_lead_days=4,"RULE:NYMEX WTI is listed in ALL TWELVE calendar months; LTD = 3 business days before the 25th calendar day of the month PRECEDING the delivery month (and, where the 25th is not a business day, 3 business days prior to the last business day preceding it). NOT CORROBORATED: no exchange-published roll date was found for CL at all; the 4-calendar-day lead is a broker-material convention and is the weakest figure in this table",1
CL,CLQ20,2020-06-18T21:00:00Z,2020-07-17T21:00:00Z,2020-07-21,months=FGHJKMNQUVXZ ltd=nymex_cl_ltd roll_anchor=ltd roll_lead_days=4,"RULE:NYMEX WTI is listed in ALL TWELVE calendar months; LTD = 3 business days before the 25th calendar day of the month PRECEDING the delivery month (and, where the 25th is not a business day, 3 business days prior to the last business day preceding it). NOT CORROBORATED: no exchange-published roll date was found for CL at all; the 4-calendar-day lead is a broker-material convention and is the weakest figure in this table",1
CL,CLU20,2020-07-17T21:00:00Z,2020-08-14T21:00:00Z,2020-08-20,months=FGHJKMNQUVXZ ltd=nymex_cl_ltd roll_anchor=ltd roll_lead_days=4,"RULE:NYMEX WTI is listed in ALL TWELVE calendar months; LTD = 3 business days before the 25th calendar day of the month PRECEDING the delivery month (and, where the 25th is not a business day, 3 business days prior to the last business day preceding it). NOT CORROBORATED: no exchange-published roll date was found for CL at all; the 4-calendar-day lead is a broker-material convention and is the weakest figure in this table",1
CL,CLV20,2020-08-14T21:00:00Z,2020-09-18T21:00:00Z,2020-09-22,months=FGHJKMNQUVXZ ltd=nymex_cl_ltd roll_anchor=ltd roll_lead_days=4,"RULE:NYMEX WTI is listed in ALL TWELVE calendar months; LTD = 3 business days before the 25th calendar day of the month PRECEDING the delivery month (and, where the 25th is not a business day, 3 business days prior to the last business day preceding it). NOT CORROBORATED: no exchange-published roll date was found for CL at all; the 4-calendar-day lead is a broker-material convention and is the weakest figure in this table",1
CL,CLX20,2020-09-18T21:00:00Z,2020-10-16T21:00:00Z,2020-10-20,months=FGHJKMNQUVXZ ltd=nymex_cl_ltd roll_anchor=ltd roll_lead_days=4,"RULE:NYMEX WTI is listed in ALL TWELVE calendar months; LTD = 3 business days before the 25th calendar day of the month PRECEDING the delivery month (and, where the 25th is not a business day, 3 business days prior to the last business day preceding it). NOT CORROBORATED: no exchange-published roll date was found for CL at all; the 4-calendar-day lead is a broker-material convention and is the weakest figure in this table",1
CL,CLZ20,2020-10-16T21:00:00Z,2020-11-16T22:00:00Z,2020-11-20,months=FGHJKMNQUVXZ ltd=nymex_cl_ltd roll_anchor=ltd roll_lead_days=4,"RULE:NYMEX WTI is listed in ALL TWELVE calendar months; LTD = 3 business days before the 25th calendar day of the month PRECEDING the delivery month (and, where the 25th is not a business day, 3 business days prior to the last business day preceding it). NOT CORROBORATED: no exchange-published roll date was found for CL at all; the 4-calendar-day lead is a broker-material convention and is the weakest figure in this table",1
CL,CLF21,2020-11-16T22:00:00Z,2020-12-17T22:00:00Z,2020-12-21,months=FGHJKMNQUVXZ ltd=nymex_cl_ltd roll_anchor=ltd roll_lead_days=4,"RULE:NYMEX WTI is listed in ALL TWELVE calendar months; LTD = 3 business days before the 25th calendar day of the month PRECEDING the delivery month (and, where the 25th is not a business day, 3 business days prior to the last business day preceding it). NOT CORROBORATED: no exchange-published roll date was found for CL at all; the 4-calendar-day lead is a broker-material convention and is the weakest figure in this table",1
CL,CLG21,2020-12-17T22:00:00Z,2021-01-15T22:00:00Z,2021-01-20,months=FGHJKMNQUVXZ ltd=nymex_cl_ltd roll_anchor=ltd roll_lead_days=4,"RULE:NYMEX WTI is listed in ALL TWELVE calendar months; LTD = 3 business days before the 25th calendar day of the month PRECEDING the delivery month (and, where the 25th is not a business day, 3 business days prior to the last business day preceding it). NOT CORROBORATED: no exchange-published roll date was found for CL at all; the 4-calendar-day lead is a broker-material convention and is the weakest figure in this table",1
CL,CLH21,2021-01-15T22:00:00Z,2021-02-18T22:00:00Z,2021-02-22,months=FGHJKMNQUVXZ ltd=nymex_cl_ltd roll_anchor=ltd roll_lead_days=4,"RULE:NYMEX WTI is listed in ALL TWELVE calendar months; LTD = 3 business days before the 25th calendar day of the month PRECEDING the delivery month (and, where the 25th is not a business day, 3 business days prior to the last business day preceding it). NOT CORROBORATED: no exchange-published roll date was found for CL at all; the 4-calendar-day lead is a broker-material convention and is the weakest figure in this table",1
CL,CLJ21,2021-02-18T22:00:00Z,2021-03-18T21:00:00Z,2021-03-22,months=FGHJKMNQUVXZ ltd=nymex_cl_ltd roll_anchor=ltd roll_lead_days=4,"RULE:NYMEX WTI is listed in ALL TWELVE calendar months; LTD = 3 business days before the 25th calendar day of the month PRECEDING the delivery month (and, where the 25th is not a business day, 3 business days prior to the last business day preceding it). NOT CORROBORATED: no exchange-published roll date was found for CL at all; the 4-calendar-day lead is a broker-material convention and is the weakest figure in this table",1
CL,CLK21,2021-03-18T21:00:00Z,2021-04-16T21:00:00Z,2021-04-20,months=FGHJKMNQUVXZ ltd=nymex_cl_ltd roll_anchor=ltd roll_lead_days=4,"RULE:NYMEX WTI is listed in ALL TWELVE calendar months; LTD = 3 business days before the 25th calendar day of the month PRECEDING the delivery month (and, where the 25th is not a business day, 3 business days prior to the last business day preceding it). NOT CORROBORATED: no exchange-published roll date was found for CL at all; the 4-calendar-day lead is a broker-material convention and is the weakest figure in this table",1
CL,CLM21,2021-04-16T21:00:00Z,2021-05-14T21:00:00Z,2021-05-20,months=FGHJKMNQUVXZ ltd=nymex_cl_ltd roll_anchor=ltd roll_lead_days=4,"RULE:NYMEX WTI is listed in ALL TWELVE calendar months; LTD = 3 business days before the 25th calendar day of the month PRECEDING the delivery month (and, where the 25th is not a business day, 3 business days prior to the last business day preceding it). NOT CORROBORATED: no exchange-published roll date was found for CL at all; the 4-calendar-day lead is a broker-material convention and is the weakest figure in this table",1
CL,CLN21,2021-05-14T21:00:00Z,2021-06-18T21:00:00Z,2021-06-22,months=FGHJKMNQUVXZ ltd=nymex_cl_ltd roll_anchor=ltd roll_lead_days=4,"RULE:NYMEX WTI is listed in ALL TWELVE calendar months; LTD = 3 business days before the 25th calendar day of the month PRECEDING the delivery month (and, where the 25th is not a business day, 3 business days prior to the last business day preceding it). NOT CORROBORATED: no exchange-published roll date was found for CL at all; the 4-calendar-day lead is a broker-material convention and is the weakest figure in this table",1
CL,CLQ21,2021-06-18T21:00:00Z,2021-07-16T21:00:00Z,2021-07-20,months=FGHJKMNQUVXZ ltd=nymex_cl_ltd roll_anchor=ltd roll_lead_days=4,"RULE:NYMEX WTI is listed in ALL TWELVE calendar months; LTD = 3 business days before the 25th calendar day of the month PRECEDING the delivery month (and, where the 25th is not a business day, 3 business days prior to the last business day preceding it). NOT CORROBORATED: no exchange-published roll date was found for CL at all; the 4-calendar-day lead is a broker-material convention and is the weakest figure in this table",1
CL,CLU21,2021-07-16T21:00:00Z,2021-08-16T21:00:00Z,2021-08-20,months=FGHJKMNQUVXZ ltd=nymex_cl_ltd roll_anchor=ltd roll_lead_days=4,"RULE:NYMEX WTI is listed in ALL TWELVE calendar months; LTD = 3 business days before the 25th calendar day of the month PRECEDING the delivery month (and, where the 25th is not a business day, 3 business days prior to the last business day preceding it). NOT CORROBORATED: no exchange-published roll date was found for CL at all; the 4-calendar-day lead is a broker-material convention and is the weakest figure in this table",1
CL,CLV21,2021-08-16T21:00:00Z,2021-09-17T21:00:00Z,2021-09-21,months=FGHJKMNQUVXZ ltd=nymex_cl_ltd roll_anchor=ltd roll_lead_days=4,"RULE:NYMEX WTI is listed in ALL TWELVE calendar months; LTD = 3 business days before the 25th calendar day of the month PRECEDING the delivery month (and, where the 25th is not a business day, 3 business days prior to the last business day preceding it). NOT CORROBORATED: no exchange-published roll date was found for CL at all; the 4-calendar-day lead is a broker-material convention and is the weakest figure in this table",1
CL,CLX21,2021-09-17T21:00:00Z,2021-10-15T21:00:00Z,2021-10-20,months=FGHJKMNQUVXZ ltd=nymex_cl_ltd roll_anchor=ltd roll_lead_days=4,"RULE:NYMEX WTI is listed in ALL TWELVE calendar months; LTD = 3 business days before the 25th calendar day of the month PRECEDING the delivery month (and, where the 25th is not a business day, 3 business days prior to the last business day preceding it). NOT CORROBORATED: no exchange-published roll date was found for CL at all; the 4-calendar-day lead is a broker-material convention and is the weakest figure in this table",1
CL,CLZ21,2021-10-15T21:00:00Z,2021-11-18T22:00:00Z,2021-11-22,months=FGHJKMNQUVXZ ltd=nymex_cl_ltd roll_anchor=ltd roll_lead_days=4,"RULE:NYMEX WTI is listed in ALL TWELVE calendar months; LTD = 3 business days before the 25th calendar day of the month PRECEDING the delivery month (and, where the 25th is not a business day, 3 business days prior to the last business day preceding it). NOT CORROBORATED: no exchange-published roll date was found for CL at all; the 4-calendar-day lead is a broker-material convention and is the weakest figure in this table",1
CL,CLF22,2021-11-18T22:00:00Z,2021-12-16T22:00:00Z,2021-12-20,months=FGHJKMNQUVXZ ltd=nymex_cl_ltd roll_anchor=ltd roll_lead_days=4,"RULE:NYMEX WTI is listed in ALL TWELVE calendar months; LTD = 3 business days before the 25th calendar day of the month PRECEDING the delivery month (and, where the 25th is not a business day, 3 business days prior to the last business day preceding it). NOT CORROBORATED: no exchange-published roll date was found for CL at all; the 4-calendar-day lead is a broker-material convention and is the weakest figure in this table",1
CL,CLG22,2021-12-16T22:00:00Z,2022-01-14T22:00:00Z,2022-01-20,months=FGHJKMNQUVXZ ltd=nymex_cl_ltd roll_anchor=ltd roll_lead_days=4,"RULE:NYMEX WTI is listed in ALL TWELVE calendar months; LTD = 3 business days before the 25th calendar day of the month PRECEDING the delivery month (and, where the 25th is not a business day, 3 business days prior to the last business day preceding it). NOT CORROBORATED: no exchange-published roll date was found for CL at all; the 4-calendar-day lead is a broker-material convention and is the weakest figure in this table",1
CL,CLH22,2022-01-14T22:00:00Z,2022-02-18T22:00:00Z,2022-02-22,months=FGHJKMNQUVXZ ltd=nymex_cl_ltd roll_anchor=ltd roll_lead_days=4,"RULE:NYMEX WTI is listed in ALL TWELVE calendar months; LTD = 3 business days before the 25th calendar day of the month PRECEDING the delivery month (and, where the 25th is not a business day, 3 business days prior to the last business day preceding it). NOT CORROBORATED: no exchange-published roll date was found for CL at all; the 4-calendar-day lead is a broker-material convention and is the weakest figure in this table",1
CL,CLJ22,2022-02-18T22:00:00Z,2022-03-18T21:00:00Z,2022-03-22,months=FGHJKMNQUVXZ ltd=nymex_cl_ltd roll_anchor=ltd roll_lead_days=4,"RULE:NYMEX WTI is listed in ALL TWELVE calendar months; LTD = 3 business days before the 25th calendar day of the month PRECEDING the delivery month (and, where the 25th is not a business day, 3 business days prior to the last business day preceding it). NOT CORROBORATED: no exchange-published roll date was found for CL at all; the 4-calendar-day lead is a broker-material convention and is the weakest figure in this table",1
CL,CLK22,2022-03-18T21:00:00Z,2022-04-14T21:00:00Z,2022-04-20,months=FGHJKMNQUVXZ ltd=nymex_cl_ltd roll_anchor=ltd roll_lead_days=4,"RULE:NYMEX WTI is listed in ALL TWELVE calendar months; LTD = 3 business days before the 25th calendar day of the month PRECEDING the delivery month (and, where the 25th is not a business day, 3 business days prior to the last business day preceding it). NOT CORROBORATED: no exchange-published roll date was found for CL at all; the 4-calendar-day lead is a broker-material convention and is the weakest figure in this table",1
CL,CLM22,2022-04-14T21:00:00Z,2022-05-16T21:00:00Z,2022-05-20,months=FGHJKMNQUVXZ ltd=nymex_cl_ltd roll_anchor=ltd roll_lead_days=4,"RULE:NYMEX WTI is listed in ALL TWELVE calendar months; LTD = 3 business days before the 25th calendar day of the month PRECEDING the delivery month (and, where the 25th is not a business day, 3 business days prior to the last business day preceding it). NOT CORROBORATED: no exchange-published roll date was found for CL at all; the 4-calendar-day lead is a broker-material convention and is the weakest figure in this table",1
CL,CLN22,2022-05-16T21:00:00Z,2022-06-17T21:00:00Z,2022-06-21,months=FGHJKMNQUVXZ ltd=nymex_cl_ltd roll_anchor=ltd roll_lead_days=4,"RULE:NYMEX WTI is listed in ALL TWELVE calendar months; LTD = 3 business days before the 25th calendar day of the month PRECEDING the delivery month (and, where the 25th is not a business day, 3 business days prior to the last business day preceding it). NOT CORROBORATED: no exchange-published roll date was found for CL at all; the 4-calendar-day lead is a broker-material convention and is the weakest figure in this table",1
CL,CLQ22,2022-06-17T21:00:00Z,2022-07-15T21:00:00Z,2022-07-20,months=FGHJKMNQUVXZ ltd=nymex_cl_ltd roll_anchor=ltd roll_lead_days=4,"RULE:NYMEX WTI is listed in ALL TWELVE calendar months; LTD = 3 business days before the 25th calendar day of the month PRECEDING the delivery month (and, where the 25th is not a business day, 3 business days prior to the last business day preceding it). NOT CORROBORATED: no exchange-published roll date was found for CL at all; the 4-calendar-day lead is a broker-material convention and is the weakest figure in this table",1
CL,CLU22,2022-07-15T21:00:00Z,2022-08-18T21:00:00Z,2022-08-22,months=FGHJKMNQUVXZ ltd=nymex_cl_ltd roll_anchor=ltd roll_lead_days=4,"RULE:NYMEX WTI is listed in ALL TWELVE calendar months; LTD = 3 business days before the 25th calendar day of the month PRECEDING the delivery month (and, where the 25th is not a business day, 3 business days prior to the last business day preceding it). NOT CORROBORATED: no exchange-published roll date was found for CL at all; the 4-calendar-day lead is a broker-material convention and is the weakest figure in this table",1
CL,CLV22,2022-08-18T21:00:00Z,2022-09-16T21:00:00Z,2022-09-20,months=FGHJKMNQUVXZ ltd=nymex_cl_ltd roll_anchor=ltd roll_lead_days=4,"RULE:NYMEX WTI is listed in ALL TWELVE calendar months; LTD = 3 business days before the 25th calendar day of the month PRECEDING the delivery month (and, where the 25th is not a business day, 3 business days prior to the last business day preceding it). NOT CORROBORATED: no exchange-published roll date was found for CL at all; the 4-calendar-day lead is a broker-material convention and is the weakest figure in this table",1
CL,CLX22,2022-09-16T21:00:00Z,2022-10-14T21:00:00Z,2022-10-20,months=FGHJKMNQUVXZ ltd=nymex_cl_ltd roll_anchor=ltd roll_lead_days=4,"RULE:NYMEX WTI is listed in ALL TWELVE calendar months; LTD = 3 business days before the 25th calendar day of the month PRECEDING the delivery month (and, where the 25th is not a business day, 3 business days prior to the last business day preceding it). NOT CORROBORATED: no exchange-published roll date was found for CL at all; the 4-calendar-day lead is a broker-material convention and is the weakest figure in this table",1
CL,CLZ22,2022-10-14T21:00:00Z,2022-11-18T22:00:00Z,2022-11-22,months=FGHJKMNQUVXZ ltd=nymex_cl_ltd roll_anchor=ltd roll_lead_days=4,"RULE:NYMEX WTI is listed in ALL TWELVE calendar months; LTD = 3 business days before the 25th calendar day of the month PRECEDING the delivery month (and, where the 25th is not a business day, 3 business days prior to the last business day preceding it). NOT CORROBORATED: no exchange-published roll date was found for CL at all; the 4-calendar-day lead is a broker-material convention and is the weakest figure in this table",1
CL,CLF23,2022-11-18T22:00:00Z,2022-12-16T22:00:00Z,2022-12-20,months=FGHJKMNQUVXZ ltd=nymex_cl_ltd roll_anchor=ltd roll_lead_days=4,"RULE:NYMEX WTI is listed in ALL TWELVE calendar months; LTD = 3 business days before the 25th calendar day of the month PRECEDING the delivery month (and, where the 25th is not a business day, 3 business days prior to the last business day preceding it). NOT CORROBORATED: no exchange-published roll date was found for CL at all; the 4-calendar-day lead is a broker-material convention and is the weakest figure in this table",1
CL,CLG23,2022-12-16T22:00:00Z,2023-01-16T19:30:00Z,2023-01-20,months=FGHJKMNQUVXZ ltd=nymex_cl_ltd roll_anchor=ltd roll_lead_days=4,"RULE:NYMEX WTI is listed in ALL TWELVE calendar months; LTD = 3 business days before the 25th calendar day of the month PRECEDING the delivery month (and, where the 25th is not a business day, 3 business days prior to the last business day preceding it). NOT CORROBORATED: no exchange-published roll date was found for CL at all; the 4-calendar-day lead is a broker-material convention and is the weakest figure in this table",1
CL,CLH23,2023-01-16T19:30:00Z,2023-02-17T22:00:00Z,2023-02-21,months=FGHJKMNQUVXZ ltd=nymex_cl_ltd roll_anchor=ltd roll_lead_days=4,"RULE:NYMEX WTI is listed in ALL TWELVE calendar months; LTD = 3 business days before the 25th calendar day of the month PRECEDING the delivery month (and, where the 25th is not a business day, 3 business days prior to the last business day preceding it). NOT CORROBORATED: no exchange-published roll date was found for CL at all; the 4-calendar-day lead is a broker-material convention and is the weakest figure in this table",1
CL,CLJ23,2023-02-17T22:00:00Z,2023-03-17T21:00:00Z,2023-03-21,months=FGHJKMNQUVXZ ltd=nymex_cl_ltd roll_anchor=ltd roll_lead_days=4,"RULE:NYMEX WTI is listed in ALL TWELVE calendar months; LTD = 3 business days before the 25th calendar day of the month PRECEDING the delivery month (and, where the 25th is not a business day, 3 business days prior to the last business day preceding it). NOT CORROBORATED: no exchange-published roll date was found for CL at all; the 4-calendar-day lead is a broker-material convention and is the weakest figure in this table",1
CL,CLK23,2023-03-17T21:00:00Z,2023-04-14T21:00:00Z,2023-04-20,months=FGHJKMNQUVXZ ltd=nymex_cl_ltd roll_anchor=ltd roll_lead_days=4,"RULE:NYMEX WTI is listed in ALL TWELVE calendar months; LTD = 3 business days before the 25th calendar day of the month PRECEDING the delivery month (and, where the 25th is not a business day, 3 business days prior to the last business day preceding it). NOT CORROBORATED: no exchange-published roll date was found for CL at all; the 4-calendar-day lead is a broker-material convention and is the weakest figure in this table",1
CL,CLM23,2023-04-14T21:00:00Z,2023-05-18T21:00:00Z,2023-05-22,months=FGHJKMNQUVXZ ltd=nymex_cl_ltd roll_anchor=ltd roll_lead_days=4,"RULE:NYMEX WTI is listed in ALL TWELVE calendar months; LTD = 3 business days before the 25th calendar day of the month PRECEDING the delivery month (and, where the 25th is not a business day, 3 business days prior to the last business day preceding it). NOT CORROBORATED: no exchange-published roll date was found for CL at all; the 4-calendar-day lead is a broker-material convention and is the weakest figure in this table",1
CL,CLN23,2023-05-18T21:00:00Z,2023-06-16T21:00:00Z,2023-06-20,months=FGHJKMNQUVXZ ltd=nymex_cl_ltd roll_anchor=ltd roll_lead_days=4,"RULE:NYMEX WTI is listed in ALL TWELVE calendar months; LTD = 3 business days before the 25th calendar day of the month PRECEDING the delivery month (and, where the 25th is not a business day, 3 business days prior to the last business day preceding it). NOT CORROBORATED: no exchange-published roll date was found for CL at all; the 4-calendar-day lead is a broker-material convention and is the weakest figure in this table",1
CL,CLQ23,2023-06-16T21:00:00Z,2023-07-14T21:00:00Z,2023-07-20,months=FGHJKMNQUVXZ ltd=nymex_cl_ltd roll_anchor=ltd roll_lead_days=4,"RULE:NYMEX WTI is listed in ALL TWELVE calendar months; LTD = 3 business days before the 25th calendar day of the month PRECEDING the delivery month (and, where the 25th is not a business day, 3 business days prior to the last business day preceding it). NOT CORROBORATED: no exchange-published roll date was found for CL at all; the 4-calendar-day lead is a broker-material convention and is the weakest figure in this table",1
CL,CLU23,2023-07-14T21:00:00Z,2023-08-18T21:00:00Z,2023-08-22,months=FGHJKMNQUVXZ ltd=nymex_cl_ltd roll_anchor=ltd roll_lead_days=4,"RULE:NYMEX WTI is listed in ALL TWELVE calendar months; LTD = 3 business days before the 25th calendar day of the month PRECEDING the delivery month (and, where the 25th is not a business day, 3 business days prior to the last business day preceding it). NOT CORROBORATED: no exchange-published roll date was found for CL at all; the 4-calendar-day lead is a broker-material convention and is the weakest figure in this table",1
CL,CLV23,2023-08-18T21:00:00Z,2023-09-15T21:00:00Z,2023-09-20,months=FGHJKMNQUVXZ ltd=nymex_cl_ltd roll_anchor=ltd roll_lead_days=4,"RULE:NYMEX WTI is listed in ALL TWELVE calendar months; LTD = 3 business days before the 25th calendar day of the month PRECEDING the delivery month (and, where the 25th is not a business day, 3 business days prior to the last business day preceding it). NOT CORROBORATED: no exchange-published roll date was found for CL at all; the 4-calendar-day lead is a broker-material convention and is the weakest figure in this table",1
CL,CLX23,2023-09-15T21:00:00Z,2023-10-16T21:00:00Z,2023-10-20,months=FGHJKMNQUVXZ ltd=nymex_cl_ltd roll_anchor=ltd roll_lead_days=4,"RULE:NYMEX WTI is listed in ALL TWELVE calendar months; LTD = 3 business days before the 25th calendar day of the month PRECEDING the delivery month (and, where the 25th is not a business day, 3 business days prior to the last business day preceding it). NOT CORROBORATED: no exchange-published roll date was found for CL at all; the 4-calendar-day lead is a broker-material convention and is the weakest figure in this table",1
CL,CLZ23,2023-10-16T21:00:00Z,2023-11-17T22:00:00Z,2023-11-21,months=FGHJKMNQUVXZ ltd=nymex_cl_ltd roll_anchor=ltd roll_lead_days=4,"RULE:NYMEX WTI is listed in ALL TWELVE calendar months; LTD = 3 business days before the 25th calendar day of the month PRECEDING the delivery month (and, where the 25th is not a business day, 3 business days prior to the last business day preceding it). NOT CORROBORATED: no exchange-published roll date was found for CL at all; the 4-calendar-day lead is a broker-material convention and is the weakest figure in this table",1
CL,CLF24,2023-11-17T22:00:00Z,2023-12-15T22:00:00Z,2023-12-19,months=FGHJKMNQUVXZ ltd=nymex_cl_ltd roll_anchor=ltd roll_lead_days=4,"RULE:NYMEX WTI is listed in ALL TWELVE calendar months; LTD = 3 business days before the 25th calendar day of the month PRECEDING the delivery month (and, where the 25th is not a business day, 3 business days prior to the last business day preceding it). NOT CORROBORATED: no exchange-published roll date was found for CL at all; the 4-calendar-day lead is a broker-material convention and is the weakest figure in this table",1
CL,CLG24,2023-12-15T22:00:00Z,2024-01-18T22:00:00Z,2024-01-22,months=FGHJKMNQUVXZ ltd=nymex_cl_ltd roll_anchor=ltd roll_lead_days=4,"RULE:NYMEX WTI is listed in ALL TWELVE calendar months; LTD = 3 business days before the 25th calendar day of the month PRECEDING the delivery month (and, where the 25th is not a business day, 3 business days prior to the last business day preceding it). NOT CORROBORATED: no exchange-published roll date was found for CL at all; the 4-calendar-day lead is a broker-material convention and is the weakest figure in this table",1
CL,CLH24,2024-01-18T22:00:00Z,2024-02-16T22:00:00Z,2024-02-20,months=FGHJKMNQUVXZ ltd=nymex_cl_ltd roll_anchor=ltd roll_lead_days=4,"RULE:NYMEX WTI is listed in ALL TWELVE calendar months; LTD = 3 business days before the 25th calendar day of the month PRECEDING the delivery month (and, where the 25th is not a business day, 3 business days prior to the last business day preceding it). NOT CORROBORATED: no exchange-published roll date was found for CL at all; the 4-calendar-day lead is a broker-material convention and is the weakest figure in this table",1
CL,CLJ24,2024-02-16T22:00:00Z,2024-03-15T21:00:00Z,2024-03-20,months=FGHJKMNQUVXZ ltd=nymex_cl_ltd roll_anchor=ltd roll_lead_days=4,"RULE:NYMEX WTI is listed in ALL TWELVE calendar months; LTD = 3 business days before the 25th calendar day of the month PRECEDING the delivery month (and, where the 25th is not a business day, 3 business days prior to the last business day preceding it). NOT CORROBORATED: no exchange-published roll date was found for CL at all; the 4-calendar-day lead is a broker-material convention and is the weakest figure in this table",1
CL,CLK24,2024-03-15T21:00:00Z,2024-04-18T21:00:00Z,2024-04-22,months=FGHJKMNQUVXZ ltd=nymex_cl_ltd roll_anchor=ltd roll_lead_days=4,"RULE:NYMEX WTI is listed in ALL TWELVE calendar months; LTD = 3 business days before the 25th calendar day of the month PRECEDING the delivery month (and, where the 25th is not a business day, 3 business days prior to the last business day preceding it). NOT CORROBORATED: no exchange-published roll date was found for CL at all; the 4-calendar-day lead is a broker-material convention and is the weakest figure in this table",1
CL,CLM24,2024-04-18T21:00:00Z,2024-05-17T21:00:00Z,2024-05-21,months=FGHJKMNQUVXZ ltd=nymex_cl_ltd roll_anchor=ltd roll_lead_days=4,"RULE:NYMEX WTI is listed in ALL TWELVE calendar months; LTD = 3 business days before the 25th calendar day of the month PRECEDING the delivery month (and, where the 25th is not a business day, 3 business days prior to the last business day preceding it). NOT CORROBORATED: no exchange-published roll date was found for CL at all; the 4-calendar-day lead is a broker-material convention and is the weakest figure in this table",1
CL,CLN24,2024-05-17T21:00:00Z,2024-06-14T21:00:00Z,2024-06-20,months=FGHJKMNQUVXZ ltd=nymex_cl_ltd roll_anchor=ltd roll_lead_days=4,"RULE:NYMEX WTI is listed in ALL TWELVE calendar months; LTD = 3 business days before the 25th calendar day of the month PRECEDING the delivery month (and, where the 25th is not a business day, 3 business days prior to the last business day preceding it). NOT CORROBORATED: no exchange-published roll date was found for CL at all; the 4-calendar-day lead is a broker-material convention and is the weakest figure in this table",1
CL,CLQ24,2024-06-14T21:00:00Z,2024-07-18T21:00:00Z,2024-07-22,months=FGHJKMNQUVXZ ltd=nymex_cl_ltd roll_anchor=ltd roll_lead_days=4,"RULE:NYMEX WTI is listed in ALL TWELVE calendar months; LTD = 3 business days before the 25th calendar day of the month PRECEDING the delivery month (and, where the 25th is not a business day, 3 business days prior to the last business day preceding it). NOT CORROBORATED: no exchange-published roll date was found for CL at all; the 4-calendar-day lead is a broker-material convention and is the weakest figure in this table",1
CL,CLU24,2024-07-18T21:00:00Z,2024-08-16T21:00:00Z,2024-08-20,months=FGHJKMNQUVXZ ltd=nymex_cl_ltd roll_anchor=ltd roll_lead_days=4,"RULE:NYMEX WTI is listed in ALL TWELVE calendar months; LTD = 3 business days before the 25th calendar day of the month PRECEDING the delivery month (and, where the 25th is not a business day, 3 business days prior to the last business day preceding it). NOT CORROBORATED: no exchange-published roll date was found for CL at all; the 4-calendar-day lead is a broker-material convention and is the weakest figure in this table",1
CL,CLV24,2024-08-16T21:00:00Z,2024-09-16T21:00:00Z,2024-09-20,months=FGHJKMNQUVXZ ltd=nymex_cl_ltd roll_anchor=ltd roll_lead_days=4,"RULE:NYMEX WTI is listed in ALL TWELVE calendar months; LTD = 3 business days before the 25th calendar day of the month PRECEDING the delivery month (and, where the 25th is not a business day, 3 business days prior to the last business day preceding it). NOT CORROBORATED: no exchange-published roll date was found for CL at all; the 4-calendar-day lead is a broker-material convention and is the weakest figure in this table",1
CL,CLX24,2024-09-16T21:00:00Z,2024-10-18T21:00:00Z,2024-10-22,months=FGHJKMNQUVXZ ltd=nymex_cl_ltd roll_anchor=ltd roll_lead_days=4,"RULE:NYMEX WTI is listed in ALL TWELVE calendar months; LTD = 3 business days before the 25th calendar day of the month PRECEDING the delivery month (and, where the 25th is not a business day, 3 business days prior to the last business day preceding it). NOT CORROBORATED: no exchange-published roll date was found for CL at all; the 4-calendar-day lead is a broker-material convention and is the weakest figure in this table",1
CL,CLZ24,2024-10-18T21:00:00Z,2024-11-15T22:00:00Z,2024-11-20,months=FGHJKMNQUVXZ ltd=nymex_cl_ltd roll_anchor=ltd roll_lead_days=4,"RULE:NYMEX WTI is listed in ALL TWELVE calendar months; LTD = 3 business days before the 25th calendar day of the month PRECEDING the delivery month (and, where the 25th is not a business day, 3 business days prior to the last business day preceding it). NOT CORROBORATED: no exchange-published roll date was found for CL at all; the 4-calendar-day lead is a broker-material convention and is the weakest figure in this table",1
CL,CLF25,2024-11-15T22:00:00Z,2024-12-13T22:00:00Z,2024-12-19,months=FGHJKMNQUVXZ ltd=nymex_cl_ltd roll_anchor=ltd roll_lead_days=4,"RULE:NYMEX WTI is listed in ALL TWELVE calendar months; LTD = 3 business days before the 25th calendar day of the month PRECEDING the delivery month (and, where the 25th is not a business day, 3 business days prior to the last business day preceding it). NOT CORROBORATED: no exchange-published roll date was found for CL at all; the 4-calendar-day lead is a broker-material convention and is the weakest figure in this table",1
CL,CLG25,2024-12-13T22:00:00Z,2025-01-17T22:00:00Z,2025-01-21,months=FGHJKMNQUVXZ ltd=nymex_cl_ltd roll_anchor=ltd roll_lead_days=4,"RULE:NYMEX WTI is listed in ALL TWELVE calendar months; LTD = 3 business days before the 25th calendar day of the month PRECEDING the delivery month (and, where the 25th is not a business day, 3 business days prior to the last business day preceding it). NOT CORROBORATED: no exchange-published roll date was found for CL at all; the 4-calendar-day lead is a broker-material convention and is the weakest figure in this table",1
CL,CLH25,2025-01-17T22:00:00Z,2025-02-14T22:00:00Z,2025-02-20,months=FGHJKMNQUVXZ ltd=nymex_cl_ltd roll_anchor=ltd roll_lead_days=4,"RULE:NYMEX WTI is listed in ALL TWELVE calendar months; LTD = 3 business days before the 25th calendar day of the month PRECEDING the delivery month (and, where the 25th is not a business day, 3 business days prior to the last business day preceding it). NOT CORROBORATED: no exchange-published roll date was found for CL at all; the 4-calendar-day lead is a broker-material convention and is the weakest figure in this table",1
CL,CLJ25,2025-02-14T22:00:00Z,2025-03-14T21:00:00Z,2025-03-20,months=FGHJKMNQUVXZ ltd=nymex_cl_ltd roll_anchor=ltd roll_lead_days=4,"RULE:NYMEX WTI is listed in ALL TWELVE calendar months; LTD = 3 business days before the 25th calendar day of the month PRECEDING the delivery month (and, where the 25th is not a business day, 3 business days prior to the last business day preceding it). NOT CORROBORATED: no exchange-published roll date was found for CL at all; the 4-calendar-day lead is a broker-material convention and is the weakest figure in this table",1
CL,CLK25,2025-03-14T21:00:00Z,2025-04-17T21:00:00Z,2025-04-22,months=FGHJKMNQUVXZ ltd=nymex_cl_ltd roll_anchor=ltd roll_lead_days=4,"RULE:NYMEX WTI is listed in ALL TWELVE calendar months; LTD = 3 business days before the 25th calendar day of the month PRECEDING the delivery month (and, where the 25th is not a business day, 3 business days prior to the last business day preceding it). NOT CORROBORATED: no exchange-published roll date was found for CL at all; the 4-calendar-day lead is a broker-material convention and is the weakest figure in this table",1
CL,CLM25,2025-04-17T21:00:00Z,2025-05-16T21:00:00Z,2025-05-20,months=FGHJKMNQUVXZ ltd=nymex_cl_ltd roll_anchor=ltd roll_lead_days=4,"RULE:NYMEX WTI is listed in ALL TWELVE calendar months; LTD = 3 business days before the 25th calendar day of the month PRECEDING the delivery month (and, where the 25th is not a business day, 3 business days prior to the last business day preceding it). NOT CORROBORATED: no exchange-published roll date was found for CL at all; the 4-calendar-day lead is a broker-material convention and is the weakest figure in this table",1
CL,CLN25,2025-05-16T21:00:00Z,2025-06-16T21:00:00Z,2025-06-20,months=FGHJKMNQUVXZ ltd=nymex_cl_ltd roll_anchor=ltd roll_lead_days=4,"RULE:NYMEX WTI is listed in ALL TWELVE calendar months; LTD = 3 business days before the 25th calendar day of the month PRECEDING the delivery month (and, where the 25th is not a business day, 3 business days prior to the last business day preceding it). NOT CORROBORATED: no exchange-published roll date was found for CL at all; the 4-calendar-day lead is a broker-material convention and is the weakest figure in this table",1
CL,CLQ25,2025-06-16T21:00:00Z,2025-07-18T21:00:00Z,2025-07-22,months=FGHJKMNQUVXZ ltd=nymex_cl_ltd roll_anchor=ltd roll_lead_days=4,"RULE:NYMEX WTI is listed in ALL TWELVE calendar months; LTD = 3 business days before the 25th calendar day of the month PRECEDING the delivery month (and, where the 25th is not a business day, 3 business days prior to the last business day preceding it). NOT CORROBORATED: no exchange-published roll date was found for CL at all; the 4-calendar-day lead is a broker-material convention and is the weakest figure in this table",1
CL,CLU25,2025-07-18T21:00:00Z,2025-08-15T21:00:00Z,2025-08-20,months=FGHJKMNQUVXZ ltd=nymex_cl_ltd roll_anchor=ltd roll_lead_days=4,"RULE:NYMEX WTI is listed in ALL TWELVE calendar months; LTD = 3 business days before the 25th calendar day of the month PRECEDING the delivery month (and, where the 25th is not a business day, 3 business days prior to the last business day preceding it). NOT CORROBORATED: no exchange-published roll date was found for CL at all; the 4-calendar-day lead is a broker-material convention and is the weakest figure in this table",1
CL,CLV25,2025-08-15T21:00:00Z,2025-09-18T21:00:00Z,2025-09-22,months=FGHJKMNQUVXZ ltd=nymex_cl_ltd roll_anchor=ltd roll_lead_days=4,"RULE:NYMEX WTI is listed in ALL TWELVE calendar months; LTD = 3 business days before the 25th calendar day of the month PRECEDING the delivery month (and, where the 25th is not a business day, 3 business days prior to the last business day preceding it). NOT CORROBORATED: no exchange-published roll date was found for CL at all; the 4-calendar-day lead is a broker-material convention and is the weakest figure in this table",1
CL,CLX25,2025-09-18T21:00:00Z,2025-10-17T21:00:00Z,2025-10-21,months=FGHJKMNQUVXZ ltd=nymex_cl_ltd roll_anchor=ltd roll_lead_days=4,"RULE:NYMEX WTI is listed in ALL TWELVE calendar months; LTD = 3 business days before the 25th calendar day of the month PRECEDING the delivery month (and, where the 25th is not a business day, 3 business days prior to the last business day preceding it). NOT CORROBORATED: no exchange-published roll date was found for CL at all; the 4-calendar-day lead is a broker-material convention and is the weakest figure in this table",1
CL,CLZ25,2025-10-17T21:00:00Z,2025-11-14T22:00:00Z,2025-11-20,months=FGHJKMNQUVXZ ltd=nymex_cl_ltd roll_anchor=ltd roll_lead_days=4,"RULE:NYMEX WTI is listed in ALL TWELVE calendar months; LTD = 3 business days before the 25th calendar day of the month PRECEDING the delivery month (and, where the 25th is not a business day, 3 business days prior to the last business day preceding it). NOT CORROBORATED: no exchange-published roll date was found for CL at all; the 4-calendar-day lead is a broker-material convention and is the weakest figure in this table",1
CL,CLF26,2025-11-14T22:00:00Z,2025-12-15T22:00:00Z,2025-12-19,months=FGHJKMNQUVXZ ltd=nymex_cl_ltd roll_anchor=ltd roll_lead_days=4,"RULE:NYMEX WTI is listed in ALL TWELVE calendar months; LTD = 3 business days before the 25th calendar day of the month PRECEDING the delivery month (and, where the 25th is not a business day, 3 business days prior to the last business day preceding it). NOT CORROBORATED: no exchange-published roll date was found for CL at all; the 4-calendar-day lead is a broker-material convention and is the weakest figure in this table",1
CL,CLG26,2025-12-15T22:00:00Z,2026-01-16T22:00:00Z,2026-01-20,months=FGHJKMNQUVXZ ltd=nymex_cl_ltd roll_anchor=ltd roll_lead_days=4,"RULE:NYMEX WTI is listed in ALL TWELVE calendar months; LTD = 3 business days before the 25th calendar day of the month PRECEDING the delivery month (and, where the 25th is not a business day, 3 business days prior to the last business day preceding it). NOT CORROBORATED: no exchange-published roll date was found for CL at all; the 4-calendar-day lead is a broker-material convention and is the weakest figure in this table",1
CL,CLH26,2026-01-16T22:00:00Z,2026-02-16T19:30:00Z,2026-02-20,months=FGHJKMNQUVXZ ltd=nymex_cl_ltd roll_anchor=ltd roll_lead_days=4,"RULE:NYMEX WTI is listed in ALL TWELVE calendar months; LTD = 3 business days before the 25th calendar day of the month PRECEDING the delivery month (and, where the 25th is not a business day, 3 business days prior to the last business day preceding it). NOT CORROBORATED: no exchange-published roll date was found for CL at all; the 4-calendar-day lead is a broker-material convention and is the weakest figure in this table",1
CL,CLJ26,2026-02-16T19:30:00Z,2026-03-16T21:00:00Z,2026-03-20,months=FGHJKMNQUVXZ ltd=nymex_cl_ltd roll_anchor=ltd roll_lead_days=4,"RULE:NYMEX WTI is listed in ALL TWELVE calendar months; LTD = 3 business days before the 25th calendar day of the month PRECEDING the delivery month (and, where the 25th is not a business day, 3 business days prior to the last business day preceding it). NOT CORROBORATED: no exchange-published roll date was found for CL at all; the 4-calendar-day lead is a broker-material convention and is the weakest figure in this table",1
CL,CLK26,2026-03-16T21:00:00Z,2026-04-17T21:00:00Z,2026-04-21,months=FGHJKMNQUVXZ ltd=nymex_cl_ltd roll_anchor=ltd roll_lead_days=4,"RULE:NYMEX WTI is listed in ALL TWELVE calendar months; LTD = 3 business days before the 25th calendar day of the month PRECEDING the delivery month (and, where the 25th is not a business day, 3 business days prior to the last business day preceding it). NOT CORROBORATED: no exchange-published roll date was found for CL at all; the 4-calendar-day lead is a broker-material convention and is the weakest figure in this table",1
CL,CLM26,2026-04-17T21:00:00Z,2026-05-15T21:00:00Z,2026-05-20,months=FGHJKMNQUVXZ ltd=nymex_cl_ltd roll_anchor=ltd roll_lead_days=4,"RULE:NYMEX WTI is listed in ALL TWELVE calendar months; LTD = 3 business days before the 25th calendar day of the month PRECEDING the delivery month (and, where the 25th is not a business day, 3 business days prior to the last business day preceding it). NOT CORROBORATED: no exchange-published roll date was found for CL at all; the 4-calendar-day lead is a broker-material convention and is the weakest figure in this table",1
CL,CLN26,2026-05-15T21:00:00Z,2026-06-18T21:00:00Z,2026-06-22,months=FGHJKMNQUVXZ ltd=nymex_cl_ltd roll_anchor=ltd roll_lead_days=4,"RULE:NYMEX WTI is listed in ALL TWELVE calendar months; LTD = 3 business days before the 25th calendar day of the month PRECEDING the delivery month (and, where the 25th is not a business day, 3 business days prior to the last business day preceding it). NOT CORROBORATED: no exchange-published roll date was found for CL at all; the 4-calendar-day lead is a broker-material convention and is the weakest figure in this table",1
CL,CLQ26,2026-06-18T21:00:00Z,2026-07-17T21:00:00Z,2026-07-21,months=FGHJKMNQUVXZ ltd=nymex_cl_ltd roll_anchor=ltd roll_lead_days=4,"RULE:NYMEX WTI is listed in ALL TWELVE calendar months; LTD = 3 business days before the 25th calendar day of the month PRECEDING the delivery month (and, where the 25th is not a business day, 3 business days prior to the last business day preceding it). NOT CORROBORATED: no exchange-published roll date was found for CL at all; the 4-calendar-day lead is a broker-material convention and is the weakest figure in this table",1
CL,CLU26,2026-07-17T21:00:00Z,2026-08-14T21:00:00Z,2026-08-20,months=FGHJKMNQUVXZ ltd=nymex_cl_ltd roll_anchor=ltd roll_lead_days=4,"RULE:NYMEX WTI is listed in ALL TWELVE calendar months; LTD = 3 business days before the 25th calendar day of the month PRECEDING the delivery month (and, where the 25th is not a business day, 3 business days prior to the last business day preceding it). NOT CORROBORATED: no exchange-published roll date was found for CL at all; the 4-calendar-day lead is a broker-material convention and is the weakest figure in this table",1
CL,CLV26,2026-08-14T21:00:00Z,2026-09-18T21:00:00Z,2026-09-22,months=FGHJKMNQUVXZ ltd=nymex_cl_ltd roll_anchor=ltd roll_lead_days=4,"RULE:NYMEX WTI is listed in ALL TWELVE calendar months; LTD = 3 business days before the 25th calendar day of the month PRECEDING the delivery month (and, where the 25th is not a business day, 3 business days prior to the last business day preceding it). NOT CORROBORATED: no exchange-published roll date was found for CL at all; the 4-calendar-day lead is a broker-material convention and is the weakest figure in this table",1
CL,CLX26,2026-09-18T21:00:00Z,2026-10-16T21:00:00Z,2026-10-20,months=FGHJKMNQUVXZ ltd=nymex_cl_ltd roll_anchor=ltd roll_lead_days=4,"RULE:NYMEX WTI is listed in ALL TWELVE calendar months; LTD = 3 business days before the 25th calendar day of the month PRECEDING the delivery month (and, where the 25th is not a business day, 3 business days prior to the last business day preceding it). NOT CORROBORATED: no exchange-published roll date was found for CL at all; the 4-calendar-day lead is a broker-material convention and is the weakest figure in this table",1
CL,CLZ26,2026-10-16T21:00:00Z,2026-11-16T22:00:00Z,2026-11-20,months=FGHJKMNQUVXZ ltd=nymex_cl_ltd roll_anchor=ltd roll_lead_days=4,"RULE:NYMEX WTI is listed in ALL TWELVE calendar months; LTD = 3 business days before the 25th calendar day of the month PRECEDING the delivery month (and, where the 25th is not a business day, 3 business days prior to the last business day preceding it). NOT CORROBORATED: no exchange-published roll date was found for CL at all; the 4-calendar-day lead is a broker-material convention and is the weakest figure in this table",1
CL,CLF27,2026-11-16T22:00:00Z,2026-12-17T22:00:00Z,2026-12-21,months=FGHJKMNQUVXZ ltd=nymex_cl_ltd roll_anchor=ltd roll_lead_days=4,"RULE:NYMEX WTI is listed in ALL TWELVE calendar months; LTD = 3 business days before the 25th calendar day of the month PRECEDING the delivery month (and, where the 25th is not a business day, 3 business days prior to the last business day preceding it). NOT CORROBORATED: no exchange-published roll date was found for CL at all; the 4-calendar-day lead is a broker-material convention and is the weakest figure in this table",1
CL,CLG27,2026-12-17T22:00:00Z,2027-01-15T22:00:00Z,2027-01-20,months=FGHJKMNQUVXZ ltd=nymex_cl_ltd roll_anchor=ltd roll_lead_days=4,"RULE:NYMEX WTI is listed in ALL TWELVE calendar months; LTD = 3 business days before the 25th calendar day of the month PRECEDING the delivery month (and, where the 25th is not a business day, 3 business days prior to the last business day preceding it). NOT CORROBORATED: no exchange-published roll date was found for CL at all; the 4-calendar-day lead is a broker-material convention and is the weakest figure in this table",1
CL,CLH27,2027-01-15T22:00:00Z,2027-02-18T22:00:00Z,2027-02-22,months=FGHJKMNQUVXZ ltd=nymex_cl_ltd roll_anchor=ltd roll_lead_days=4,"RULE:NYMEX WTI is listed in ALL TWELVE calendar months; LTD = 3 business days before the 25th calendar day of the month PRECEDING the delivery month (and, where the 25th is not a business day, 3 business days prior to the last business day preceding it). NOT CORROBORATED: no exchange-published roll date was found for CL at all; the 4-calendar-day lead is a broker-material convention and is the weakest figure in this table",1
CL,CLJ27,2027-02-18T22:00:00Z,2027-03-18T21:00:00Z,2027-03-22,months=FGHJKMNQUVXZ ltd=nymex_cl_ltd roll_anchor=ltd roll_lead_days=4,"RULE:NYMEX WTI is listed in ALL TWELVE calendar months; LTD = 3 business days before the 25th calendar day of the month PRECEDING the delivery month (and, where the 25th is not a business day, 3 business days prior to the last business day preceding it). NOT CORROBORATED: no exchange-published roll date was found for CL at all; the 4-calendar-day lead is a broker-material convention and is the weakest figure in this table",1
CL,CLK27,2027-03-18T21:00:00Z,2027-04-16T21:00:00Z,2027-04-20,months=FGHJKMNQUVXZ ltd=nymex_cl_ltd roll_anchor=ltd roll_lead_days=4,"RULE:NYMEX WTI is listed in ALL TWELVE calendar months; LTD = 3 business days before the 25th calendar day of the month PRECEDING the delivery month (and, where the 25th is not a business day, 3 business days prior to the last business day preceding it). NOT CORROBORATED: no exchange-published roll date was found for CL at all; the 4-calendar-day lead is a broker-material convention and is the weakest figure in this table",1
CL,CLM27,2027-04-16T21:00:00Z,2027-05-14T21:00:00Z,2027-05-20,months=FGHJKMNQUVXZ ltd=nymex_cl_ltd roll_anchor=ltd roll_lead_days=4,"RULE:NYMEX WTI is listed in ALL TWELVE calendar months; LTD = 3 business days before the 25th calendar day of the month PRECEDING the delivery month (and, where the 25th is not a business day, 3 business days prior to the last business day preceding it). NOT CORROBORATED: no exchange-published roll date was found for CL at all; the 4-calendar-day lead is a broker-material convention and is the weakest figure in this table",1
CL,CLN27,2027-05-14T21:00:00Z,2027-06-18T18:30:00Z,2027-06-22,months=FGHJKMNQUVXZ ltd=nymex_cl_ltd roll_anchor=ltd roll_lead_days=4,"RULE:NYMEX WTI is listed in ALL TWELVE calendar months; LTD = 3 business days before the 25th calendar day of the month PRECEDING the delivery month (and, where the 25th is not a business day, 3 business days prior to the last business day preceding it). NOT CORROBORATED: no exchange-published roll date was found for CL at all; the 4-calendar-day lead is a broker-material convention and is the weakest figure in this table",1
CL,CLQ27,2027-06-18T18:30:00Z,2027-07-16T21:00:00Z,2027-07-20,months=FGHJKMNQUVXZ ltd=nymex_cl_ltd roll_anchor=ltd roll_lead_days=4,"RULE:NYMEX WTI is listed in ALL TWELVE calendar months; LTD = 3 business days before the 25th calendar day of the month PRECEDING the delivery month (and, where the 25th is not a business day, 3 business days prior to the last business day preceding it). NOT CORROBORATED: no exchange-published roll date was found for CL at all; the 4-calendar-day lead is a broker-material convention and is the weakest figure in this table",1
CL,CLU27,2027-07-16T21:00:00Z,2027-08-16T21:00:00Z,2027-08-20,months=FGHJKMNQUVXZ ltd=nymex_cl_ltd roll_anchor=ltd roll_lead_days=4,"RULE:NYMEX WTI is listed in ALL TWELVE calendar months; LTD = 3 business days before the 25th calendar day of the month PRECEDING the delivery month (and, where the 25th is not a business day, 3 business days prior to the last business day preceding it). NOT CORROBORATED: no exchange-published roll date was found for CL at all; the 4-calendar-day lead is a broker-material convention and is the weakest figure in this table",1
CL,CLV27,2027-08-16T21:00:00Z,2027-09-17T21:00:00Z,2027-09-21,months=FGHJKMNQUVXZ ltd=nymex_cl_ltd roll_anchor=ltd roll_lead_days=4,"RULE:NYMEX WTI is listed in ALL TWELVE calendar months; LTD = 3 business days before the 25th calendar day of the month PRECEDING the delivery month (and, where the 25th is not a business day, 3 business days prior to the last business day preceding it). NOT CORROBORATED: no exchange-published roll date was found for CL at all; the 4-calendar-day lead is a broker-material convention and is the weakest figure in this table",1
CL,CLX27,2027-09-17T21:00:00Z,2027-10-15T21:00:00Z,2027-10-20,months=FGHJKMNQUVXZ ltd=nymex_cl_ltd roll_anchor=ltd roll_lead_days=4,"RULE:NYMEX WTI is listed in ALL TWELVE calendar months; LTD = 3 business days before the 25th calendar day of the month PRECEDING the delivery month (and, where the 25th is not a business day, 3 business days prior to the last business day preceding it). NOT CORROBORATED: no exchange-published roll date was found for CL at all; the 4-calendar-day lead is a broker-material convention and is the weakest figure in this table",1
CL,CLZ27,2027-10-15T21:00:00Z,2027-11-18T22:00:00Z,2027-11-22,months=FGHJKMNQUVXZ ltd=nymex_cl_ltd roll_anchor=ltd roll_lead_days=4,"RULE:NYMEX WTI is listed in ALL TWELVE calendar months; LTD = 3 business days before the 25th calendar day of the month PRECEDING the delivery month (and, where the 25th is not a business day, 3 business days prior to the last business day preceding it). NOT CORROBORATED: no exchange-published roll date was found for CL at all; the 4-calendar-day lead is a broker-material convention and is the weakest figure in this table",1
CL,CLF28,2027-11-18T22:00:00Z,2027-12-16T22:00:00Z,2027-12-20,months=FGHJKMNQUVXZ ltd=nymex_cl_ltd roll_anchor=ltd roll_lead_days=4,"RULE:NYMEX WTI is listed in ALL TWELVE calendar months; LTD = 3 business days before the 25th calendar day of the month PRECEDING the delivery month (and, where the 25th is not a business day, 3 business days prior to the last business day preceding it). NOT CORROBORATED: no exchange-published roll date was found for CL at all; the 4-calendar-day lead is a broker-material convention and is the weakest figure in this table",1
CL,CLG28,2027-12-16T22:00:00Z,2028-01-14T22:00:00Z,2028-01-20,months=FGHJKMNQUVXZ ltd=nymex_cl_ltd roll_anchor=ltd roll_lead_days=4,"RULE:NYMEX WTI is listed in ALL TWELVE calendar months; LTD = 3 business days before the 25th calendar day of the month PRECEDING the delivery month (and, where the 25th is not a business day, 3 business days prior to the last business day preceding it). NOT CORROBORATED: no exchange-published roll date was found for CL at all; the 4-calendar-day lead is a broker-material convention and is the weakest figure in this table",1
CL,CLH28,2028-01-14T22:00:00Z,2028-02-18T22:00:00Z,2028-02-22,months=FGHJKMNQUVXZ ltd=nymex_cl_ltd roll_anchor=ltd roll_lead_days=4,"RULE:NYMEX WTI is listed in ALL TWELVE calendar months; LTD = 3 business days before the 25th calendar day of the month PRECEDING the delivery month (and, where the 25th is not a business day, 3 business days prior to the last business day preceding it). NOT CORROBORATED: no exchange-published roll date was found for CL at all; the 4-calendar-day lead is a broker-material convention and is the weakest figure in this table",1
CL,CLJ28,2028-02-18T22:00:00Z,2028-03-17T21:00:00Z,2028-03-21,months=FGHJKMNQUVXZ ltd=nymex_cl_ltd roll_anchor=ltd roll_lead_days=4,"RULE:NYMEX WTI is listed in ALL TWELVE calendar months; LTD = 3 business days before the 25th calendar day of the month PRECEDING the delivery month (and, where the 25th is not a business day, 3 business days prior to the last business day preceding it). NOT CORROBORATED: no exchange-published roll date was found for CL at all; the 4-calendar-day lead is a broker-material convention and is the weakest figure in this table",1
CL,CLK28,2028-03-17T21:00:00Z,2028-04-13T21:00:00Z,2028-04-20,months=FGHJKMNQUVXZ ltd=nymex_cl_ltd roll_anchor=ltd roll_lead_days=4,"RULE:NYMEX WTI is listed in ALL TWELVE calendar months; LTD = 3 business days before the 25th calendar day of the month PRECEDING the delivery month (and, where the 25th is not a business day, 3 business days prior to the last business day preceding it). NOT CORROBORATED: no exchange-published roll date was found for CL at all; the 4-calendar-day lead is a broker-material convention and is the weakest figure in this table",1
CL,CLM28,2028-04-13T21:00:00Z,2028-05-18T21:00:00Z,2028-05-22,months=FGHJKMNQUVXZ ltd=nymex_cl_ltd roll_anchor=ltd roll_lead_days=4,"RULE:NYMEX WTI is listed in ALL TWELVE calendar months; LTD = 3 business days before the 25th calendar day of the month PRECEDING the delivery month (and, where the 25th is not a business day, 3 business days prior to the last business day preceding it). NOT CORROBORATED: no exchange-published roll date was found for CL at all; the 4-calendar-day lead is a broker-material convention and is the weakest figure in this table",1
CL,CLN28,2028-05-18T21:00:00Z,2028-06-16T21:00:00Z,2028-06-20,months=FGHJKMNQUVXZ ltd=nymex_cl_ltd roll_anchor=ltd roll_lead_days=4,"RULE:NYMEX WTI is listed in ALL TWELVE calendar months; LTD = 3 business days before the 25th calendar day of the month PRECEDING the delivery month (and, where the 25th is not a business day, 3 business days prior to the last business day preceding it). NOT CORROBORATED: no exchange-published roll date was found for CL at all; the 4-calendar-day lead is a broker-material convention and is the weakest figure in this table",1
CL,CLQ28,2028-06-16T21:00:00Z,2028-07-14T21:00:00Z,2028-07-20,months=FGHJKMNQUVXZ ltd=nymex_cl_ltd roll_anchor=ltd roll_lead_days=4,"RULE:NYMEX WTI is listed in ALL TWELVE calendar months; LTD = 3 business days before the 25th calendar day of the month PRECEDING the delivery month (and, where the 25th is not a business day, 3 business days prior to the last business day preceding it). NOT CORROBORATED: no exchange-published roll date was found for CL at all; the 4-calendar-day lead is a broker-material convention and is the weakest figure in this table",1
CL,CLU28,2028-07-14T21:00:00Z,2028-08-18T21:00:00Z,2028-08-22,months=FGHJKMNQUVXZ ltd=nymex_cl_ltd roll_anchor=ltd roll_lead_days=4,"RULE:NYMEX WTI is listed in ALL TWELVE calendar months; LTD = 3 business days before the 25th calendar day of the month PRECEDING the delivery month (and, where the 25th is not a business day, 3 business days prior to the last business day preceding it). NOT CORROBORATED: no exchange-published roll date was found for CL at all; the 4-calendar-day lead is a broker-material convention and is the weakest figure in this table",1
CL,CLV28,2028-08-18T21:00:00Z,2028-09-15T21:00:00Z,2028-09-20,months=FGHJKMNQUVXZ ltd=nymex_cl_ltd roll_anchor=ltd roll_lead_days=4,"RULE:NYMEX WTI is listed in ALL TWELVE calendar months; LTD = 3 business days before the 25th calendar day of the month PRECEDING the delivery month (and, where the 25th is not a business day, 3 business days prior to the last business day preceding it). NOT CORROBORATED: no exchange-published roll date was found for CL at all; the 4-calendar-day lead is a broker-material convention and is the weakest figure in this table",1
CL,CLX28,2028-09-15T21:00:00Z,2028-10-16T21:00:00Z,2028-10-20,months=FGHJKMNQUVXZ ltd=nymex_cl_ltd roll_anchor=ltd roll_lead_days=4,"RULE:NYMEX WTI is listed in ALL TWELVE calendar months; LTD = 3 business days before the 25th calendar day of the month PRECEDING the delivery month (and, where the 25th is not a business day, 3 business days prior to the last business day preceding it). NOT CORROBORATED: no exchange-published roll date was found for CL at all; the 4-calendar-day lead is a broker-material convention and is the weakest figure in this table",1
CL,CLZ28,2028-10-16T21:00:00Z,2028-11-17T22:00:00Z,2028-11-21,months=FGHJKMNQUVXZ ltd=nymex_cl_ltd roll_anchor=ltd roll_lead_days=4,"RULE:NYMEX WTI is listed in ALL TWELVE calendar months; LTD = 3 business days before the 25th calendar day of the month PRECEDING the delivery month (and, where the 25th is not a business day, 3 business days prior to the last business day preceding it). NOT CORROBORATED: no exchange-published roll date was found for CL at all; the 4-calendar-day lead is a broker-material convention and is the weakest figure in this table",1
CL,CLF29,2028-11-17T22:00:00Z,2028-12-15T22:00:00Z,2028-12-19,months=FGHJKMNQUVXZ ltd=nymex_cl_ltd roll_anchor=ltd roll_lead_days=4,"RULE:NYMEX WTI is listed in ALL TWELVE calendar months; LTD = 3 business days before the 25th calendar day of the month PRECEDING the delivery month (and, where the 25th is not a business day, 3 business days prior to the last business day preceding it). NOT CORROBORATED: no exchange-published roll date was found for CL at all; the 4-calendar-day lead is a broker-material convention and is the weakest figure in this table",1
CL,CLG29,2028-12-15T22:00:00Z,2029-01-18T22:00:00Z,2029-01-22,months=FGHJKMNQUVXZ ltd=nymex_cl_ltd roll_anchor=ltd roll_lead_days=4,"RULE:NYMEX WTI is listed in ALL TWELVE calendar months; LTD = 3 business days before the 25th calendar day of the month PRECEDING the delivery month (and, where the 25th is not a business day, 3 business days prior to the last business day preceding it). NOT CORROBORATED: no exchange-published roll date was found for CL at all; the 4-calendar-day lead is a broker-material convention and is the weakest figure in this table",1
CL,CLH29,2029-01-18T22:00:00Z,2029-02-16T22:00:00Z,2029-02-20,months=FGHJKMNQUVXZ ltd=nymex_cl_ltd roll_anchor=ltd roll_lead_days=4,"RULE:NYMEX WTI is listed in ALL TWELVE calendar months; LTD = 3 business days before the 25th calendar day of the month PRECEDING the delivery month (and, where the 25th is not a business day, 3 business days prior to the last business day preceding it). NOT CORROBORATED: no exchange-published roll date was found for CL at all; the 4-calendar-day lead is a broker-material convention and is the weakest figure in this table",1
CL,CLJ29,2029-02-16T22:00:00Z,2029-03-16T21:00:00Z,2029-03-20,months=FGHJKMNQUVXZ ltd=nymex_cl_ltd roll_anchor=ltd roll_lead_days=4,"RULE:NYMEX WTI is listed in ALL TWELVE calendar months; LTD = 3 business days before the 25th calendar day of the month PRECEDING the delivery month (and, where the 25th is not a business day, 3 business days prior to the last business day preceding it). NOT CORROBORATED: no exchange-published roll date was found for CL at all; the 4-calendar-day lead is a broker-material convention and is the weakest figure in this table",1
CL,CLK29,2029-03-16T21:00:00Z,2029-04-16T21:00:00Z,2029-04-20,months=FGHJKMNQUVXZ ltd=nymex_cl_ltd roll_anchor=ltd roll_lead_days=4,"RULE:NYMEX WTI is listed in ALL TWELVE calendar months; LTD = 3 business days before the 25th calendar day of the month PRECEDING the delivery month (and, where the 25th is not a business day, 3 business days prior to the last business day preceding it). NOT CORROBORATED: no exchange-published roll date was found for CL at all; the 4-calendar-day lead is a broker-material convention and is the weakest figure in this table",1
CL,CLM29,2029-04-16T21:00:00Z,2029-05-18T21:00:00Z,2029-05-22,months=FGHJKMNQUVXZ ltd=nymex_cl_ltd roll_anchor=ltd roll_lead_days=4,"RULE:NYMEX WTI is listed in ALL TWELVE calendar months; LTD = 3 business days before the 25th calendar day of the month PRECEDING the delivery month (and, where the 25th is not a business day, 3 business days prior to the last business day preceding it). NOT CORROBORATED: no exchange-published roll date was found for CL at all; the 4-calendar-day lead is a broker-material convention and is the weakest figure in this table",1
CL,CLN29,2029-05-18T21:00:00Z,2029-06-15T21:00:00Z,2029-06-20,months=FGHJKMNQUVXZ ltd=nymex_cl_ltd roll_anchor=ltd roll_lead_days=4,"RULE:NYMEX WTI is listed in ALL TWELVE calendar months; LTD = 3 business days before the 25th calendar day of the month PRECEDING the delivery month (and, where the 25th is not a business day, 3 business days prior to the last business day preceding it). NOT CORROBORATED: no exchange-published roll date was found for CL at all; the 4-calendar-day lead is a broker-material convention and is the weakest figure in this table",1
CL,CLQ29,2029-06-15T21:00:00Z,2029-07-16T21:00:00Z,2029-07-20,months=FGHJKMNQUVXZ ltd=nymex_cl_ltd roll_anchor=ltd roll_lead_days=4,"RULE:NYMEX WTI is listed in ALL TWELVE calendar months; LTD = 3 business days before the 25th calendar day of the month PRECEDING the delivery month (and, where the 25th is not a business day, 3 business days prior to the last business day preceding it). NOT CORROBORATED: no exchange-published roll date was found for CL at all; the 4-calendar-day lead is a broker-material convention and is the weakest figure in this table",1
CL,CLU29,2029-07-16T21:00:00Z,2029-08-17T21:00:00Z,2029-08-21,months=FGHJKMNQUVXZ ltd=nymex_cl_ltd roll_anchor=ltd roll_lead_days=4,"RULE:NYMEX WTI is listed in ALL TWELVE calendar months; LTD = 3 business days before the 25th calendar day of the month PRECEDING the delivery month (and, where the 25th is not a business day, 3 business days prior to the last business day preceding it). NOT CORROBORATED: no exchange-published roll date was found for CL at all; the 4-calendar-day lead is a broker-material convention and is the weakest figure in this table",1
CL,CLV29,2029-08-17T21:00:00Z,2029-09-14T21:00:00Z,2029-09-20,months=FGHJKMNQUVXZ ltd=nymex_cl_ltd roll_anchor=ltd roll_lead_days=4,"RULE:NYMEX WTI is listed in ALL TWELVE calendar months; LTD = 3 business days before the 25th calendar day of the month PRECEDING the delivery month (and, where the 25th is not a business day, 3 business days prior to the last business day preceding it). NOT CORROBORATED: no exchange-published roll date was found for CL at all; the 4-calendar-day lead is a broker-material convention and is the weakest figure in this table",1
CL,CLX29,2029-09-14T21:00:00Z,2029-10-18T21:00:00Z,2029-10-22,months=FGHJKMNQUVXZ ltd=nymex_cl_ltd roll_anchor=ltd roll_lead_days=4,"RULE:NYMEX WTI is listed in ALL TWELVE calendar months; LTD = 3 business days before the 25th calendar day of the month PRECEDING the delivery month (and, where the 25th is not a business day, 3 business days prior to the last business day preceding it). NOT CORROBORATED: no exchange-published roll date was found for CL at all; the 4-calendar-day lead is a broker-material convention and is the weakest figure in this table",1
CL,CLZ29,2029-10-18T21:00:00Z,2029-11-16T22:00:00Z,2029-11-20,months=FGHJKMNQUVXZ ltd=nymex_cl_ltd roll_anchor=ltd roll_lead_days=4,"RULE:NYMEX WTI is listed in ALL TWELVE calendar months; LTD = 3 business days before the 25th calendar day of the month PRECEDING the delivery month (and, where the 25th is not a business day, 3 business days prior to the last business day preceding it). NOT CORROBORATED: no exchange-published roll date was found for CL at all; the 4-calendar-day lead is a broker-material convention and is the weakest figure in this table",1
CL,CLF30,2029-11-16T22:00:00Z,2029-12-14T22:00:00Z,2029-12-19,months=FGHJKMNQUVXZ ltd=nymex_cl_ltd roll_anchor=ltd roll_lead_days=4,"RULE:NYMEX WTI is listed in ALL TWELVE calendar months; LTD = 3 business days before the 25th calendar day of the month PRECEDING the delivery month (and, where the 25th is not a business day, 3 business days prior to the last business day preceding it). NOT CORROBORATED: no exchange-published roll date was found for CL at all; the 4-calendar-day lead is a broker-material convention and is the weakest figure in this table",1
CL,CLG30,2029-12-14T22:00:00Z,2030-01-18T22:00:00Z,2030-01-22,months=FGHJKMNQUVXZ ltd=nymex_cl_ltd roll_anchor=ltd roll_lead_days=4,"RULE:NYMEX WTI is listed in ALL TWELVE calendar months; LTD = 3 business days before the 25th calendar day of the month PRECEDING the delivery month (and, where the 25th is not a business day, 3 business days prior to the last business day preceding it). NOT CORROBORATED: no exchange-published roll date was found for CL at all; the 4-calendar-day lead is a broker-material convention and is the weakest figure in this table",1
CL,CLH30,2030-01-18T22:00:00Z,2030-02-15T22:00:00Z,2030-02-20,months=FGHJKMNQUVXZ ltd=nymex_cl_ltd roll_anchor=ltd roll_lead_days=4,"RULE:NYMEX WTI is listed in ALL TWELVE calendar months; LTD = 3 business days before the 25th calendar day of the month PRECEDING the delivery month (and, where the 25th is not a business day, 3 business days prior to the last business day preceding it). NOT CORROBORATED: no exchange-published roll date was found for CL at all; the 4-calendar-day lead is a broker-material convention and is the weakest figure in this table",1
CL,CLJ30,2030-02-15T22:00:00Z,2030-03-15T21:00:00Z,2030-03-20,months=FGHJKMNQUVXZ ltd=nymex_cl_ltd roll_anchor=ltd roll_lead_days=4,"RULE:NYMEX WTI is listed in ALL TWELVE calendar months; LTD = 3 business days before the 25th calendar day of the month PRECEDING the delivery month (and, where the 25th is not a business day, 3 business days prior to the last business day preceding it). NOT CORROBORATED: no exchange-published roll date was found for CL at all; the 4-calendar-day lead is a broker-material convention and is the weakest figure in this table",1
CL,CLK30,2030-03-15T21:00:00Z,2030-04-18T21:00:00Z,2030-04-22,months=FGHJKMNQUVXZ ltd=nymex_cl_ltd roll_anchor=ltd roll_lead_days=4,"RULE:NYMEX WTI is listed in ALL TWELVE calendar months; LTD = 3 business days before the 25th calendar day of the month PRECEDING the delivery month (and, where the 25th is not a business day, 3 business days prior to the last business day preceding it). NOT CORROBORATED: no exchange-published roll date was found for CL at all; the 4-calendar-day lead is a broker-material convention and is the weakest figure in this table",1
CL,CLM30,2030-04-18T21:00:00Z,2030-05-17T21:00:00Z,2030-05-21,months=FGHJKMNQUVXZ ltd=nymex_cl_ltd roll_anchor=ltd roll_lead_days=4,"RULE:NYMEX WTI is listed in ALL TWELVE calendar months; LTD = 3 business days before the 25th calendar day of the month PRECEDING the delivery month (and, where the 25th is not a business day, 3 business days prior to the last business day preceding it). NOT CORROBORATED: no exchange-published roll date was found for CL at all; the 4-calendar-day lead is a broker-material convention and is the weakest figure in this table",1
CL,CLN30,2030-05-17T21:00:00Z,2030-06-14T21:00:00Z,2030-06-20,months=FGHJKMNQUVXZ ltd=nymex_cl_ltd roll_anchor=ltd roll_lead_days=4,"RULE:NYMEX WTI is listed in ALL TWELVE calendar months; LTD = 3 business days before the 25th calendar day of the month PRECEDING the delivery month (and, where the 25th is not a business day, 3 business days prior to the last business day preceding it). NOT CORROBORATED: no exchange-published roll date was found for CL at all; the 4-calendar-day lead is a broker-material convention and is the weakest figure in this table",1
CL,CLQ30,2030-06-14T21:00:00Z,2030-07-18T21:00:00Z,2030-07-22,months=FGHJKMNQUVXZ ltd=nymex_cl_ltd roll_anchor=ltd roll_lead_days=4,"RULE:NYMEX WTI is listed in ALL TWELVE calendar months; LTD = 3 business days before the 25th calendar day of the month PRECEDING the delivery month (and, where the 25th is not a business day, 3 business days prior to the last business day preceding it). NOT CORROBORATED: no exchange-published roll date was found for CL at all; the 4-calendar-day lead is a broker-material convention and is the weakest figure in this table",1
CL,CLU30,2030-07-18T21:00:00Z,2030-08-16T21:00:00Z,2030-08-20,months=FGHJKMNQUVXZ ltd=nymex_cl_ltd roll_anchor=ltd roll_lead_days=4,"RULE:NYMEX WTI is listed in ALL TWELVE calendar months; LTD = 3 business days before the 25th calendar day of the month PRECEDING the delivery month (and, where the 25th is not a business day, 3 business days prior to the last business day preceding it). NOT CORROBORATED: no exchange-published roll date was found for CL at all; the 4-calendar-day lead is a broker-material convention and is the weakest figure in this table",1
CL,CLV30,2030-08-16T21:00:00Z,2030-09-16T21:00:00Z,2030-09-20,months=FGHJKMNQUVXZ ltd=nymex_cl_ltd roll_anchor=ltd roll_lead_days=4,"RULE:NYMEX WTI is listed in ALL TWELVE calendar months; LTD = 3 business days before the 25th calendar day of the month PRECEDING the delivery month (and, where the 25th is not a business day, 3 business days prior to the last business day preceding it). NOT CORROBORATED: no exchange-published roll date was found for CL at all; the 4-calendar-day lead is a broker-material convention and is the weakest figure in this table",1
CL,CLX30,2030-09-16T21:00:00Z,2030-10-18T21:00:00Z,2030-10-22,months=FGHJKMNQUVXZ ltd=nymex_cl_ltd roll_anchor=ltd roll_lead_days=4,"RULE:NYMEX WTI is listed in ALL TWELVE calendar months; LTD = 3 business days before the 25th calendar day of the month PRECEDING the delivery month (and, where the 25th is not a business day, 3 business days prior to the last business day preceding it). NOT CORROBORATED: no exchange-published roll date was found for CL at all; the 4-calendar-day lead is a broker-material convention and is the weakest figure in this table",1
CL,CLZ30,2030-10-18T21:00:00Z,2030-11-15T22:00:00Z,2030-11-20,months=FGHJKMNQUVXZ ltd=nymex_cl_ltd roll_anchor=ltd roll_lead_days=4,"RULE:NYMEX WTI is listed in ALL TWELVE calendar months; LTD = 3 business days before the 25th calendar day of the month PRECEDING the delivery month (and, where the 25th is not a business day, 3 business days prior to the last business day preceding it). NOT CORROBORATED: no exchange-published roll date was found for CL at all; the 4-calendar-day lead is a broker-material convention and is the weakest figure in this table",1
ES,ESM08,2008-03-17T20:15:00Z,2008-06-16T20:15:00Z,2008-06-20,months=HMUZ ltd=third_friday roll_anchor=ltd roll_lead_days=4,"RULE:CME equity-index quarterly cycle H/M/U/Z; LTD = third Friday of the contract month, cash-settled to the SOQ, no first notice day. Roll = CME's stated CUSTOMARY roll date, the Monday prior to the third Friday. CONFLICT ON RECORD: third-party trade press reports volume/OI actually migrating the Thursday ~8 days before the third Friday; unresolved because cmegroup.com/trading/equity-index/rolldates.html could not be fetched (IP-blocked). Search-extract attribution only, NOT a rendered primary source",1
ES,ESU08,2008-06-16T20:15:00Z,2008-09-15T20:15:00Z,2008-09-19,months=HMUZ ltd=third_friday roll_anchor=ltd roll_lead_days=4,"RULE:CME equity-index quarterly cycle H/M/U/Z; LTD = third Friday of the contract month, cash-settled to the SOQ, no first notice day. Roll = CME's stated CUSTOMARY roll date, the Monday prior to the third Friday. CONFLICT ON RECORD: third-party trade press reports volume/OI actually migrating the Thursday ~8 days before the third Friday; unresolved because cmegroup.com/trading/equity-index/rolldates.html could not be fetched (IP-blocked). Search-extract attribution only, NOT a rendered primary source",1
ES,ESZ08,2008-09-15T20:15:00Z,2008-12-15T21:15:00Z,2008-12-19,months=HMUZ ltd=third_friday roll_anchor=ltd roll_lead_days=4,"RULE:CME equity-index quarterly cycle H/M/U/Z; LTD = third Friday of the contract month, cash-settled to the SOQ, no first notice day. Roll = CME's stated CUSTOMARY roll date, the Monday prior to the third Friday. CONFLICT ON RECORD: third-party trade press reports volume/OI actually migrating the Thursday ~8 days before the third Friday; unresolved because cmegroup.com/trading/equity-index/rolldates.html could not be fetched (IP-blocked). Search-extract attribution only, NOT a rendered primary source",1
ES,ESH09,2008-12-15T21:15:00Z,2009-03-16T20:15:00Z,2009-03-20,months=HMUZ ltd=third_friday roll_anchor=ltd roll_lead_days=4,"RULE:CME equity-index quarterly cycle H/M/U/Z; LTD = third Friday of the contract month, cash-settled to the SOQ, no first notice day. Roll = CME's stated CUSTOMARY roll date, the Monday prior to the third Friday. CONFLICT ON RECORD: third-party trade press reports volume/OI actually migrating the Thursday ~8 days before the third Friday; unresolved because cmegroup.com/trading/equity-index/rolldates.html could not be fetched (IP-blocked). Search-extract attribution only, NOT a rendered primary source",1
ES,ESM09,2009-03-16T20:15:00Z,2009-06-15T20:15:00Z,2009-06-19,months=HMUZ ltd=third_friday roll_anchor=ltd roll_lead_days=4,"RULE:CME equity-index quarterly cycle H/M/U/Z; LTD = third Friday of the contract month, cash-settled to the SOQ, no first notice day. Roll = CME's stated CUSTOMARY roll date, the Monday prior to the third Friday. CONFLICT ON RECORD: third-party trade press reports volume/OI actually migrating the Thursday ~8 days before the third Friday; unresolved because cmegroup.com/trading/equity-index/rolldates.html could not be fetched (IP-blocked). Search-extract attribution only, NOT a rendered primary source",1
ES,ESU09,2009-06-15T20:15:00Z,2009-09-14T20:15:00Z,2009-09-18,months=HMUZ ltd=third_friday roll_anchor=ltd roll_lead_days=4,"RULE:CME equity-index quarterly cycle H/M/U/Z; LTD = third Friday of the contract month, cash-settled to the SOQ, no first notice day. Roll = CME's stated CUSTOMARY roll date, the Monday prior to the third Friday. CONFLICT ON RECORD: third-party trade press reports volume/OI actually migrating the Thursday ~8 days before the third Friday; unresolved because cmegroup.com/trading/equity-index/rolldates.html could not be fetched (IP-blocked). Search-extract attribution only, NOT a rendered primary source",1
ES,ESZ09,2009-09-14T20:15:00Z,2009-12-14T21:15:00Z,2009-12-18,months=HMUZ ltd=third_friday roll_anchor=ltd roll_lead_days=4,"RULE:CME equity-index quarterly cycle H/M/U/Z; LTD = third Friday of the contract month, cash-settled to the SOQ, no first notice day. Roll = CME's stated CUSTOMARY roll date, the Monday prior to the third Friday. CONFLICT ON RECORD: third-party trade press reports volume/OI actually migrating the Thursday ~8 days before the third Friday; unresolved because cmegroup.com/trading/equity-index/rolldates.html could not be fetched (IP-blocked). Search-extract attribution only, NOT a rendered primary source",1
ES,ESH10,2009-12-14T21:15:00Z,2010-03-15T20:15:00Z,2010-03-19,months=HMUZ ltd=third_friday roll_anchor=ltd roll_lead_days=4,"RULE:CME equity-index quarterly cycle H/M/U/Z; LTD = third Friday of the contract month, cash-settled to the SOQ, no first notice day. Roll = CME's stated CUSTOMARY roll date, the Monday prior to the third Friday. CONFLICT ON RECORD: third-party trade press reports volume/OI actually migrating the Thursday ~8 days before the third Friday; unresolved because cmegroup.com/trading/equity-index/rolldates.html could not be fetched (IP-blocked). Search-extract attribution only, NOT a rendered primary source",1
ES,ESM10,2010-03-15T20:15:00Z,2010-06-14T20:15:00Z,2010-06-18,months=HMUZ ltd=third_friday roll_anchor=ltd roll_lead_days=4,"RULE:CME equity-index quarterly cycle H/M/U/Z; LTD = third Friday of the contract month, cash-settled to the SOQ, no first notice day. Roll = CME's stated CUSTOMARY roll date, the Monday prior to the third Friday. CONFLICT ON RECORD: third-party trade press reports volume/OI actually migrating the Thursday ~8 days before the third Friday; unresolved because cmegroup.com/trading/equity-index/rolldates.html could not be fetched (IP-blocked). Search-extract attribution only, NOT a rendered primary source",1
ES,ESU10,2010-06-14T20:15:00Z,2010-09-13T20:15:00Z,2010-09-17,months=HMUZ ltd=third_friday roll_anchor=ltd roll_lead_days=4,"RULE:CME equity-index quarterly cycle H/M/U/Z; LTD = third Friday of the contract month, cash-settled to the SOQ, no first notice day. Roll = CME's stated CUSTOMARY roll date, the Monday prior to the third Friday. CONFLICT ON RECORD: third-party trade press reports volume/OI actually migrating the Thursday ~8 days before the third Friday; unresolved because cmegroup.com/trading/equity-index/rolldates.html could not be fetched (IP-blocked). Search-extract attribution only, NOT a rendered primary source",1
ES,ESZ10,2010-09-13T20:15:00Z,2010-12-13T21:15:00Z,2010-12-17,months=HMUZ ltd=third_friday roll_anchor=ltd roll_lead_days=4,"RULE:CME equity-index quarterly cycle H/M/U/Z; LTD = third Friday of the contract month, cash-settled to the SOQ, no first notice day. Roll = CME's stated CUSTOMARY roll date, the Monday prior to the third Friday. CONFLICT ON RECORD: third-party trade press reports volume/OI actually migrating the Thursday ~8 days before the third Friday; unresolved because cmegroup.com/trading/equity-index/rolldates.html could not be fetched (IP-blocked). Search-extract attribution only, NOT a rendered primary source",1
ES,ESH11,2010-12-13T21:15:00Z,2011-03-14T20:15:00Z,2011-03-18,months=HMUZ ltd=third_friday roll_anchor=ltd roll_lead_days=4,"RULE:CME equity-index quarterly cycle H/M/U/Z; LTD = third Friday of the contract month, cash-settled to the SOQ, no first notice day. Roll = CME's stated CUSTOMARY roll date, the Monday prior to the third Friday. CONFLICT ON RECORD: third-party trade press reports volume/OI actually migrating the Thursday ~8 days before the third Friday; unresolved because cmegroup.com/trading/equity-index/rolldates.html could not be fetched (IP-blocked). Search-extract attribution only, NOT a rendered primary source",1
ES,ESM11,2011-03-14T20:15:00Z,2011-06-13T20:15:00Z,2011-06-17,months=HMUZ ltd=third_friday roll_anchor=ltd roll_lead_days=4,"RULE:CME equity-index quarterly cycle H/M/U/Z; LTD = third Friday of the contract month, cash-settled to the SOQ, no first notice day. Roll = CME's stated CUSTOMARY roll date, the Monday prior to the third Friday. CONFLICT ON RECORD: third-party trade press reports volume/OI actually migrating the Thursday ~8 days before the third Friday; unresolved because cmegroup.com/trading/equity-index/rolldates.html could not be fetched (IP-blocked). Search-extract attribution only, NOT a rendered primary source",1
ES,ESU11,2011-06-13T20:15:00Z,2011-09-12T20:15:00Z,2011-09-16,months=HMUZ ltd=third_friday roll_anchor=ltd roll_lead_days=4,"RULE:CME equity-index quarterly cycle H/M/U/Z; LTD = third Friday of the contract month, cash-settled to the SOQ, no first notice day. Roll = CME's stated CUSTOMARY roll date, the Monday prior to the third Friday. CONFLICT ON RECORD: third-party trade press reports volume/OI actually migrating the Thursday ~8 days before the third Friday; unresolved because cmegroup.com/trading/equity-index/rolldates.html could not be fetched (IP-blocked). Search-extract attribution only, NOT a rendered primary source",1
ES,ESZ11,2011-09-12T20:15:00Z,2011-12-12T21:15:00Z,2011-12-16,months=HMUZ ltd=third_friday roll_anchor=ltd roll_lead_days=4,"RULE:CME equity-index quarterly cycle H/M/U/Z; LTD = third Friday of the contract month, cash-settled to the SOQ, no first notice day. Roll = CME's stated CUSTOMARY roll date, the Monday prior to the third Friday. CONFLICT ON RECORD: third-party trade press reports volume/OI actually migrating the Thursday ~8 days before the third Friday; unresolved because cmegroup.com/trading/equity-index/rolldates.html could not be fetched (IP-blocked). Search-extract attribution only, NOT a rendered primary source",1
ES,ESH12,2011-12-12T21:15:00Z,2012-03-12T20:15:00Z,2012-03-16,months=HMUZ ltd=third_friday roll_anchor=ltd roll_lead_days=4,"RULE:CME equity-index quarterly cycle H/M/U/Z; LTD = third Friday of the contract month, cash-settled to the SOQ, no first notice day. Roll = CME's stated CUSTOMARY roll date, the Monday prior to the third Friday. CONFLICT ON RECORD: third-party trade press reports volume/OI actually migrating the Thursday ~8 days before the third Friday; unresolved because cmegroup.com/trading/equity-index/rolldates.html could not be fetched (IP-blocked). Search-extract attribution only, NOT a rendered primary source",1
ES,ESM12,2012-03-12T20:15:00Z,2012-06-11T20:15:00Z,2012-06-15,months=HMUZ ltd=third_friday roll_anchor=ltd roll_lead_days=4,"RULE:CME equity-index quarterly cycle H/M/U/Z; LTD = third Friday of the contract month, cash-settled to the SOQ, no first notice day. Roll = CME's stated CUSTOMARY roll date, the Monday prior to the third Friday. CONFLICT ON RECORD: third-party trade press reports volume/OI actually migrating the Thursday ~8 days before the third Friday; unresolved because cmegroup.com/trading/equity-index/rolldates.html could not be fetched (IP-blocked). Search-extract attribution only, NOT a rendered primary source",1
ES,ESU12,2012-06-11T20:15:00Z,2012-09-17T20:15:00Z,2012-09-21,months=HMUZ ltd=third_friday roll_anchor=ltd roll_lead_days=4,"RULE:CME equity-index quarterly cycle H/M/U/Z; LTD = third Friday of the contract month, cash-settled to the SOQ, no first notice day. Roll = CME's stated CUSTOMARY roll date, the Monday prior to the third Friday. CONFLICT ON RECORD: third-party trade press reports volume/OI actually migrating the Thursday ~8 days before the third Friday; unresolved because cmegroup.com/trading/equity-index/rolldates.html could not be fetched (IP-blocked). Search-extract attribution only, NOT a rendered primary source",1
ES,ESZ12,2012-09-17T20:15:00Z,2012-12-17T22:00:00Z,2012-12-21,months=HMUZ ltd=third_friday roll_anchor=ltd roll_lead_days=4,"RULE:CME equity-index quarterly cycle H/M/U/Z; LTD = third Friday of the contract month, cash-settled to the SOQ, no first notice day. Roll = CME's stated CUSTOMARY roll date, the Monday prior to the third Friday. CONFLICT ON RECORD: third-party trade press reports volume/OI actually migrating the Thursday ~8 days before the third Friday; unresolved because cmegroup.com/trading/equity-index/rolldates.html could not be fetched (IP-blocked). Search-extract attribution only, NOT a rendered primary source",1
ES,ESH13,2012-12-17T22:00:00Z,2013-03-11T21:00:00Z,2013-03-15,months=HMUZ ltd=third_friday roll_anchor=ltd roll_lead_days=4,"RULE:CME equity-index quarterly cycle H/M/U/Z; LTD = third Friday of the contract month, cash-settled to the SOQ, no first notice day. Roll = CME's stated CUSTOMARY roll date, the Monday prior to the third Friday. CONFLICT ON RECORD: third-party trade press reports volume/OI actually migrating the Thursday ~8 days before the third Friday; unresolved because cmegroup.com/trading/equity-index/rolldates.html could not be fetched (IP-blocked). Search-extract attribution only, NOT a rendered primary source",1
ES,ESM13,2013-03-11T21:00:00Z,2013-06-17T21:00:00Z,2013-06-21,months=HMUZ ltd=third_friday roll_anchor=ltd roll_lead_days=4,"RULE:CME equity-index quarterly cycle H/M/U/Z; LTD = third Friday of the contract month, cash-settled to the SOQ, no first notice day. Roll = CME's stated CUSTOMARY roll date, the Monday prior to the third Friday. CONFLICT ON RECORD: third-party trade press reports volume/OI actually migrating the Thursday ~8 days before the third Friday; unresolved because cmegroup.com/trading/equity-index/rolldates.html could not be fetched (IP-blocked). Search-extract attribution only, NOT a rendered primary source",1
ES,ESU13,2013-06-17T21:00:00Z,2013-09-16T21:00:00Z,2013-09-20,months=HMUZ ltd=third_friday roll_anchor=ltd roll_lead_days=4,"RULE:CME equity-index quarterly cycle H/M/U/Z; LTD = third Friday of the contract month, cash-settled to the SOQ, no first notice day. Roll = CME's stated CUSTOMARY roll date, the Monday prior to the third Friday. CONFLICT ON RECORD: third-party trade press reports volume/OI actually migrating the Thursday ~8 days before the third Friday; unresolved because cmegroup.com/trading/equity-index/rolldates.html could not be fetched (IP-blocked). Search-extract attribution only, NOT a rendered primary source",1
ES,ESZ13,2013-09-16T21:00:00Z,2013-12-16T22:00:00Z,2013-12-20,months=HMUZ ltd=third_friday roll_anchor=ltd roll_lead_days=4,"RULE:CME equity-index quarterly cycle H/M/U/Z; LTD = third Friday of the contract month, cash-settled to the SOQ, no first notice day. Roll = CME's stated CUSTOMARY roll date, the Monday prior to the third Friday. CONFLICT ON RECORD: third-party trade press reports volume/OI actually migrating the Thursday ~8 days before the third Friday; unresolved because cmegroup.com/trading/equity-index/rolldates.html could not be fetched (IP-blocked). Search-extract attribution only, NOT a rendered primary source",1
ES,ESH14,2013-12-16T22:00:00Z,2014-03-17T21:00:00Z,2014-03-21,months=HMUZ ltd=third_friday roll_anchor=ltd roll_lead_days=4,"RULE:CME equity-index quarterly cycle H/M/U/Z; LTD = third Friday of the contract month, cash-settled to the SOQ, no first notice day. Roll = CME's stated CUSTOMARY roll date, the Monday prior to the third Friday. CONFLICT ON RECORD: third-party trade press reports volume/OI actually migrating the Thursday ~8 days before the third Friday; unresolved because cmegroup.com/trading/equity-index/rolldates.html could not be fetched (IP-blocked). Search-extract attribution only, NOT a rendered primary source",1
ES,ESM14,2014-03-17T21:00:00Z,2014-06-16T21:00:00Z,2014-06-20,months=HMUZ ltd=third_friday roll_anchor=ltd roll_lead_days=4,"RULE:CME equity-index quarterly cycle H/M/U/Z; LTD = third Friday of the contract month, cash-settled to the SOQ, no first notice day. Roll = CME's stated CUSTOMARY roll date, the Monday prior to the third Friday. CONFLICT ON RECORD: third-party trade press reports volume/OI actually migrating the Thursday ~8 days before the third Friday; unresolved because cmegroup.com/trading/equity-index/rolldates.html could not be fetched (IP-blocked). Search-extract attribution only, NOT a rendered primary source",1
ES,ESU14,2014-06-16T21:00:00Z,2014-09-15T21:00:00Z,2014-09-19,months=HMUZ ltd=third_friday roll_anchor=ltd roll_lead_days=4,"RULE:CME equity-index quarterly cycle H/M/U/Z; LTD = third Friday of the contract month, cash-settled to the SOQ, no first notice day. Roll = CME's stated CUSTOMARY roll date, the Monday prior to the third Friday. CONFLICT ON RECORD: third-party trade press reports volume/OI actually migrating the Thursday ~8 days before the third Friday; unresolved because cmegroup.com/trading/equity-index/rolldates.html could not be fetched (IP-blocked). Search-extract attribution only, NOT a rendered primary source",1
ES,ESZ14,2014-09-15T21:00:00Z,2014-12-15T22:00:00Z,2014-12-19,months=HMUZ ltd=third_friday roll_anchor=ltd roll_lead_days=4,"RULE:CME equity-index quarterly cycle H/M/U/Z; LTD = third Friday of the contract month, cash-settled to the SOQ, no first notice day. Roll = CME's stated CUSTOMARY roll date, the Monday prior to the third Friday. CONFLICT ON RECORD: third-party trade press reports volume/OI actually migrating the Thursday ~8 days before the third Friday; unresolved because cmegroup.com/trading/equity-index/rolldates.html could not be fetched (IP-blocked). Search-extract attribution only, NOT a rendered primary source",1
ES,ESH15,2014-12-15T22:00:00Z,2015-03-16T21:00:00Z,2015-03-20,months=HMUZ ltd=third_friday roll_anchor=ltd roll_lead_days=4,"RULE:CME equity-index quarterly cycle H/M/U/Z; LTD = third Friday of the contract month, cash-settled to the SOQ, no first notice day. Roll = CME's stated CUSTOMARY roll date, the Monday prior to the third Friday. CONFLICT ON RECORD: third-party trade press reports volume/OI actually migrating the Thursday ~8 days before the third Friday; unresolved because cmegroup.com/trading/equity-index/rolldates.html could not be fetched (IP-blocked). Search-extract attribution only, NOT a rendered primary source",1
ES,ESM15,2015-03-16T21:00:00Z,2015-06-15T21:00:00Z,2015-06-19,months=HMUZ ltd=third_friday roll_anchor=ltd roll_lead_days=4,"RULE:CME equity-index quarterly cycle H/M/U/Z; LTD = third Friday of the contract month, cash-settled to the SOQ, no first notice day. Roll = CME's stated CUSTOMARY roll date, the Monday prior to the third Friday. CONFLICT ON RECORD: third-party trade press reports volume/OI actually migrating the Thursday ~8 days before the third Friday; unresolved because cmegroup.com/trading/equity-index/rolldates.html could not be fetched (IP-blocked). Search-extract attribution only, NOT a rendered primary source",1
ES,ESU15,2015-06-15T21:00:00Z,2015-09-14T21:00:00Z,2015-09-18,months=HMUZ ltd=third_friday roll_anchor=ltd roll_lead_days=4,"RULE:CME equity-index quarterly cycle H/M/U/Z; LTD = third Friday of the contract month, cash-settled to the SOQ, no first notice day. Roll = CME's stated CUSTOMARY roll date, the Monday prior to the third Friday. CONFLICT ON RECORD: third-party trade press reports volume/OI actually migrating the Thursday ~8 days before the third Friday; unresolved because cmegroup.com/trading/equity-index/rolldates.html could not be fetched (IP-blocked). Search-extract attribution only, NOT a rendered primary source",1
ES,ESZ15,2015-09-14T21:00:00Z,2015-12-14T22:00:00Z,2015-12-18,months=HMUZ ltd=third_friday roll_anchor=ltd roll_lead_days=4,"RULE:CME equity-index quarterly cycle H/M/U/Z; LTD = third Friday of the contract month, cash-settled to the SOQ, no first notice day. Roll = CME's stated CUSTOMARY roll date, the Monday prior to the third Friday. CONFLICT ON RECORD: third-party trade press reports volume/OI actually migrating the Thursday ~8 days before the third Friday; unresolved because cmegroup.com/trading/equity-index/rolldates.html could not be fetched (IP-blocked). Search-extract attribution only, NOT a rendered primary source",1
ES,ESH16,2015-12-14T22:00:00Z,2016-03-14T21:00:00Z,2016-03-18,months=HMUZ ltd=third_friday roll_anchor=ltd roll_lead_days=4,"RULE:CME equity-index quarterly cycle H/M/U/Z; LTD = third Friday of the contract month, cash-settled to the SOQ, no first notice day. Roll = CME's stated CUSTOMARY roll date, the Monday prior to the third Friday. CONFLICT ON RECORD: third-party trade press reports volume/OI actually migrating the Thursday ~8 days before the third Friday; unresolved because cmegroup.com/trading/equity-index/rolldates.html could not be fetched (IP-blocked). Search-extract attribution only, NOT a rendered primary source",1
ES,ESM16,2016-03-14T21:00:00Z,2016-06-13T21:00:00Z,2016-06-17,months=HMUZ ltd=third_friday roll_anchor=ltd roll_lead_days=4,"RULE:CME equity-index quarterly cycle H/M/U/Z; LTD = third Friday of the contract month, cash-settled to the SOQ, no first notice day. Roll = CME's stated CUSTOMARY roll date, the Monday prior to the third Friday. CONFLICT ON RECORD: third-party trade press reports volume/OI actually migrating the Thursday ~8 days before the third Friday; unresolved because cmegroup.com/trading/equity-index/rolldates.html could not be fetched (IP-blocked). Search-extract attribution only, NOT a rendered primary source",1
ES,ESU16,2016-06-13T21:00:00Z,2016-09-12T21:00:00Z,2016-09-16,months=HMUZ ltd=third_friday roll_anchor=ltd roll_lead_days=4,"RULE:CME equity-index quarterly cycle H/M/U/Z; LTD = third Friday of the contract month, cash-settled to the SOQ, no first notice day. Roll = CME's stated CUSTOMARY roll date, the Monday prior to the third Friday. CONFLICT ON RECORD: third-party trade press reports volume/OI actually migrating the Thursday ~8 days before the third Friday; unresolved because cmegroup.com/trading/equity-index/rolldates.html could not be fetched (IP-blocked). Search-extract attribution only, NOT a rendered primary source",1
ES,ESZ16,2016-09-12T21:00:00Z,2016-12-12T22:00:00Z,2016-12-16,months=HMUZ ltd=third_friday roll_anchor=ltd roll_lead_days=4,"RULE:CME equity-index quarterly cycle H/M/U/Z; LTD = third Friday of the contract month, cash-settled to the SOQ, no first notice day. Roll = CME's stated CUSTOMARY roll date, the Monday prior to the third Friday. CONFLICT ON RECORD: third-party trade press reports volume/OI actually migrating the Thursday ~8 days before the third Friday; unresolved because cmegroup.com/trading/equity-index/rolldates.html could not be fetched (IP-blocked). Search-extract attribution only, NOT a rendered primary source",1
ES,ESH17,2016-12-12T22:00:00Z,2017-03-13T21:00:00Z,2017-03-17,months=HMUZ ltd=third_friday roll_anchor=ltd roll_lead_days=4,"RULE:CME equity-index quarterly cycle H/M/U/Z; LTD = third Friday of the contract month, cash-settled to the SOQ, no first notice day. Roll = CME's stated CUSTOMARY roll date, the Monday prior to the third Friday. CONFLICT ON RECORD: third-party trade press reports volume/OI actually migrating the Thursday ~8 days before the third Friday; unresolved because cmegroup.com/trading/equity-index/rolldates.html could not be fetched (IP-blocked). Search-extract attribution only, NOT a rendered primary source",1
ES,ESM17,2017-03-13T21:00:00Z,2017-06-12T21:00:00Z,2017-06-16,months=HMUZ ltd=third_friday roll_anchor=ltd roll_lead_days=4,"RULE:CME equity-index quarterly cycle H/M/U/Z; LTD = third Friday of the contract month, cash-settled to the SOQ, no first notice day. Roll = CME's stated CUSTOMARY roll date, the Monday prior to the third Friday. CONFLICT ON RECORD: third-party trade press reports volume/OI actually migrating the Thursday ~8 days before the third Friday; unresolved because cmegroup.com/trading/equity-index/rolldates.html could not be fetched (IP-blocked). Search-extract attribution only, NOT a rendered primary source",1
ES,ESU17,2017-06-12T21:00:00Z,2017-09-11T21:00:00Z,2017-09-15,months=HMUZ ltd=third_friday roll_anchor=ltd roll_lead_days=4,"RULE:CME equity-index quarterly cycle H/M/U/Z; LTD = third Friday of the contract month, cash-settled to the SOQ, no first notice day. Roll = CME's stated CUSTOMARY roll date, the Monday prior to the third Friday. CONFLICT ON RECORD: third-party trade press reports volume/OI actually migrating the Thursday ~8 days before the third Friday; unresolved because cmegroup.com/trading/equity-index/rolldates.html could not be fetched (IP-blocked). Search-extract attribution only, NOT a rendered primary source",1
ES,ESZ17,2017-09-11T21:00:00Z,2017-12-11T22:00:00Z,2017-12-15,months=HMUZ ltd=third_friday roll_anchor=ltd roll_lead_days=4,"RULE:CME equity-index quarterly cycle H/M/U/Z; LTD = third Friday of the contract month, cash-settled to the SOQ, no first notice day. Roll = CME's stated CUSTOMARY roll date, the Monday prior to the third Friday. CONFLICT ON RECORD: third-party trade press reports volume/OI actually migrating the Thursday ~8 days before the third Friday; unresolved because cmegroup.com/trading/equity-index/rolldates.html could not be fetched (IP-blocked). Search-extract attribution only, NOT a rendered primary source",1
ES,ESH18,2017-12-11T22:00:00Z,2018-03-12T21:00:00Z,2018-03-16,months=HMUZ ltd=third_friday roll_anchor=ltd roll_lead_days=4,"RULE:CME equity-index quarterly cycle H/M/U/Z; LTD = third Friday of the contract month, cash-settled to the SOQ, no first notice day. Roll = CME's stated CUSTOMARY roll date, the Monday prior to the third Friday. CONFLICT ON RECORD: third-party trade press reports volume/OI actually migrating the Thursday ~8 days before the third Friday; unresolved because cmegroup.com/trading/equity-index/rolldates.html could not be fetched (IP-blocked). Search-extract attribution only, NOT a rendered primary source",1
ES,ESM18,2018-03-12T21:00:00Z,2018-06-11T21:00:00Z,2018-06-15,months=HMUZ ltd=third_friday roll_anchor=ltd roll_lead_days=4,"RULE:CME equity-index quarterly cycle H/M/U/Z; LTD = third Friday of the contract month, cash-settled to the SOQ, no first notice day. Roll = CME's stated CUSTOMARY roll date, the Monday prior to the third Friday. CONFLICT ON RECORD: third-party trade press reports volume/OI actually migrating the Thursday ~8 days before the third Friday; unresolved because cmegroup.com/trading/equity-index/rolldates.html could not be fetched (IP-blocked). Search-extract attribution only, NOT a rendered primary source",1
ES,ESU18,2018-06-11T21:00:00Z,2018-09-17T21:00:00Z,2018-09-21,months=HMUZ ltd=third_friday roll_anchor=ltd roll_lead_days=4,"RULE:CME equity-index quarterly cycle H/M/U/Z; LTD = third Friday of the contract month, cash-settled to the SOQ, no first notice day. Roll = CME's stated CUSTOMARY roll date, the Monday prior to the third Friday. CONFLICT ON RECORD: third-party trade press reports volume/OI actually migrating the Thursday ~8 days before the third Friday; unresolved because cmegroup.com/trading/equity-index/rolldates.html could not be fetched (IP-blocked). Search-extract attribution only, NOT a rendered primary source",1
ES,ESZ18,2018-09-17T21:00:00Z,2018-12-17T22:00:00Z,2018-12-21,months=HMUZ ltd=third_friday roll_anchor=ltd roll_lead_days=4,"RULE:CME equity-index quarterly cycle H/M/U/Z; LTD = third Friday of the contract month, cash-settled to the SOQ, no first notice day. Roll = CME's stated CUSTOMARY roll date, the Monday prior to the third Friday. CONFLICT ON RECORD: third-party trade press reports volume/OI actually migrating the Thursday ~8 days before the third Friday; unresolved because cmegroup.com/trading/equity-index/rolldates.html could not be fetched (IP-blocked). Search-extract attribution only, NOT a rendered primary source",1
ES,ESH19,2018-12-17T22:00:00Z,2019-03-11T21:00:00Z,2019-03-15,months=HMUZ ltd=third_friday roll_anchor=ltd roll_lead_days=4,"RULE:CME equity-index quarterly cycle H/M/U/Z; LTD = third Friday of the contract month, cash-settled to the SOQ, no first notice day. Roll = CME's stated CUSTOMARY roll date, the Monday prior to the third Friday. CONFLICT ON RECORD: third-party trade press reports volume/OI actually migrating the Thursday ~8 days before the third Friday; unresolved because cmegroup.com/trading/equity-index/rolldates.html could not be fetched (IP-blocked). Search-extract attribution only, NOT a rendered primary source",1
ES,ESM19,2019-03-11T21:00:00Z,2019-06-17T21:00:00Z,2019-06-21,months=HMUZ ltd=third_friday roll_anchor=ltd roll_lead_days=4,"RULE:CME equity-index quarterly cycle H/M/U/Z; LTD = third Friday of the contract month, cash-settled to the SOQ, no first notice day. Roll = CME's stated CUSTOMARY roll date, the Monday prior to the third Friday. CONFLICT ON RECORD: third-party trade press reports volume/OI actually migrating the Thursday ~8 days before the third Friday; unresolved because cmegroup.com/trading/equity-index/rolldates.html could not be fetched (IP-blocked). Search-extract attribution only, NOT a rendered primary source",1
ES,ESU19,2019-06-17T21:00:00Z,2019-09-16T21:00:00Z,2019-09-20,months=HMUZ ltd=third_friday roll_anchor=ltd roll_lead_days=4,"RULE:CME equity-index quarterly cycle H/M/U/Z; LTD = third Friday of the contract month, cash-settled to the SOQ, no first notice day. Roll = CME's stated CUSTOMARY roll date, the Monday prior to the third Friday. CONFLICT ON RECORD: third-party trade press reports volume/OI actually migrating the Thursday ~8 days before the third Friday; unresolved because cmegroup.com/trading/equity-index/rolldates.html could not be fetched (IP-blocked). Search-extract attribution only, NOT a rendered primary source",1
ES,ESZ19,2019-09-16T21:00:00Z,2019-12-16T22:00:00Z,2019-12-20,months=HMUZ ltd=third_friday roll_anchor=ltd roll_lead_days=4,"RULE:CME equity-index quarterly cycle H/M/U/Z; LTD = third Friday of the contract month, cash-settled to the SOQ, no first notice day. Roll = CME's stated CUSTOMARY roll date, the Monday prior to the third Friday. CONFLICT ON RECORD: third-party trade press reports volume/OI actually migrating the Thursday ~8 days before the third Friday; unresolved because cmegroup.com/trading/equity-index/rolldates.html could not be fetched (IP-blocked). Search-extract attribution only, NOT a rendered primary source",1
ES,ESH20,2019-12-16T22:00:00Z,2020-03-16T21:00:00Z,2020-03-20,months=HMUZ ltd=third_friday roll_anchor=ltd roll_lead_days=4,"RULE:CME equity-index quarterly cycle H/M/U/Z; LTD = third Friday of the contract month, cash-settled to the SOQ, no first notice day. Roll = CME's stated CUSTOMARY roll date, the Monday prior to the third Friday. CONFLICT ON RECORD: third-party trade press reports volume/OI actually migrating the Thursday ~8 days before the third Friday; unresolved because cmegroup.com/trading/equity-index/rolldates.html could not be fetched (IP-blocked). Search-extract attribution only, NOT a rendered primary source",1
ES,ESM20,2020-03-16T21:00:00Z,2020-06-15T21:00:00Z,2020-06-19,months=HMUZ ltd=third_friday roll_anchor=ltd roll_lead_days=4,"RULE:CME equity-index quarterly cycle H/M/U/Z; LTD = third Friday of the contract month, cash-settled to the SOQ, no first notice day. Roll = CME's stated CUSTOMARY roll date, the Monday prior to the third Friday. CONFLICT ON RECORD: third-party trade press reports volume/OI actually migrating the Thursday ~8 days before the third Friday; unresolved because cmegroup.com/trading/equity-index/rolldates.html could not be fetched (IP-blocked). Search-extract attribution only, NOT a rendered primary source",1
ES,ESU20,2020-06-15T21:00:00Z,2020-09-14T21:00:00Z,2020-09-18,months=HMUZ ltd=third_friday roll_anchor=ltd roll_lead_days=4,"RULE:CME equity-index quarterly cycle H/M/U/Z; LTD = third Friday of the contract month, cash-settled to the SOQ, no first notice day. Roll = CME's stated CUSTOMARY roll date, the Monday prior to the third Friday. CONFLICT ON RECORD: third-party trade press reports volume/OI actually migrating the Thursday ~8 days before the third Friday; unresolved because cmegroup.com/trading/equity-index/rolldates.html could not be fetched (IP-blocked). Search-extract attribution only, NOT a rendered primary source",1
ES,ESZ20,2020-09-14T21:00:00Z,2020-12-14T22:00:00Z,2020-12-18,months=HMUZ ltd=third_friday roll_anchor=ltd roll_lead_days=4,"RULE:CME equity-index quarterly cycle H/M/U/Z; LTD = third Friday of the contract month, cash-settled to the SOQ, no first notice day. Roll = CME's stated CUSTOMARY roll date, the Monday prior to the third Friday. CONFLICT ON RECORD: third-party trade press reports volume/OI actually migrating the Thursday ~8 days before the third Friday; unresolved because cmegroup.com/trading/equity-index/rolldates.html could not be fetched (IP-blocked). Search-extract attribution only, NOT a rendered primary source",1
ES,ESH21,2020-12-14T22:00:00Z,2021-03-15T21:00:00Z,2021-03-19,months=HMUZ ltd=third_friday roll_anchor=ltd roll_lead_days=4,"RULE:CME equity-index quarterly cycle H/M/U/Z; LTD = third Friday of the contract month, cash-settled to the SOQ, no first notice day. Roll = CME's stated CUSTOMARY roll date, the Monday prior to the third Friday. CONFLICT ON RECORD: third-party trade press reports volume/OI actually migrating the Thursday ~8 days before the third Friday; unresolved because cmegroup.com/trading/equity-index/rolldates.html could not be fetched (IP-blocked). Search-extract attribution only, NOT a rendered primary source",1
ES,ESM21,2021-03-15T21:00:00Z,2021-06-14T21:00:00Z,2021-06-18,months=HMUZ ltd=third_friday roll_anchor=ltd roll_lead_days=4,"RULE:CME equity-index quarterly cycle H/M/U/Z; LTD = third Friday of the contract month, cash-settled to the SOQ, no first notice day. Roll = CME's stated CUSTOMARY roll date, the Monday prior to the third Friday. CONFLICT ON RECORD: third-party trade press reports volume/OI actually migrating the Thursday ~8 days before the third Friday; unresolved because cmegroup.com/trading/equity-index/rolldates.html could not be fetched (IP-blocked). Search-extract attribution only, NOT a rendered primary source",1
ES,ESU21,2021-06-14T21:00:00Z,2021-09-13T21:00:00Z,2021-09-17,months=HMUZ ltd=third_friday roll_anchor=ltd roll_lead_days=4,"RULE:CME equity-index quarterly cycle H/M/U/Z; LTD = third Friday of the contract month, cash-settled to the SOQ, no first notice day. Roll = CME's stated CUSTOMARY roll date, the Monday prior to the third Friday. CONFLICT ON RECORD: third-party trade press reports volume/OI actually migrating the Thursday ~8 days before the third Friday; unresolved because cmegroup.com/trading/equity-index/rolldates.html could not be fetched (IP-blocked). Search-extract attribution only, NOT a rendered primary source",1
ES,ESZ21,2021-09-13T21:00:00Z,2021-12-13T22:00:00Z,2021-12-17,months=HMUZ ltd=third_friday roll_anchor=ltd roll_lead_days=4,"RULE:CME equity-index quarterly cycle H/M/U/Z; LTD = third Friday of the contract month, cash-settled to the SOQ, no first notice day. Roll = CME's stated CUSTOMARY roll date, the Monday prior to the third Friday. CONFLICT ON RECORD: third-party trade press reports volume/OI actually migrating the Thursday ~8 days before the third Friday; unresolved because cmegroup.com/trading/equity-index/rolldates.html could not be fetched (IP-blocked). Search-extract attribution only, NOT a rendered primary source",1
ES,ESH22,2021-12-13T22:00:00Z,2022-03-14T21:00:00Z,2022-03-18,months=HMUZ ltd=third_friday roll_anchor=ltd roll_lead_days=4,"RULE:CME equity-index quarterly cycle H/M/U/Z; LTD = third Friday of the contract month, cash-settled to the SOQ, no first notice day. Roll = CME's stated CUSTOMARY roll date, the Monday prior to the third Friday. CONFLICT ON RECORD: third-party trade press reports volume/OI actually migrating the Thursday ~8 days before the third Friday; unresolved because cmegroup.com/trading/equity-index/rolldates.html could not be fetched (IP-blocked). Search-extract attribution only, NOT a rendered primary source",1
ES,ESM22,2022-03-14T21:00:00Z,2022-06-13T21:00:00Z,2022-06-17,months=HMUZ ltd=third_friday roll_anchor=ltd roll_lead_days=4,"RULE:CME equity-index quarterly cycle H/M/U/Z; LTD = third Friday of the contract month, cash-settled to the SOQ, no first notice day. Roll = CME's stated CUSTOMARY roll date, the Monday prior to the third Friday. CONFLICT ON RECORD: third-party trade press reports volume/OI actually migrating the Thursday ~8 days before the third Friday; unresolved because cmegroup.com/trading/equity-index/rolldates.html could not be fetched (IP-blocked). Search-extract attribution only, NOT a rendered primary source",1
ES,ESU22,2022-06-13T21:00:00Z,2022-09-12T21:00:00Z,2022-09-16,months=HMUZ ltd=third_friday roll_anchor=ltd roll_lead_days=4,"RULE:CME equity-index quarterly cycle H/M/U/Z; LTD = third Friday of the contract month, cash-settled to the SOQ, no first notice day. Roll = CME's stated CUSTOMARY roll date, the Monday prior to the third Friday. CONFLICT ON RECORD: third-party trade press reports volume/OI actually migrating the Thursday ~8 days before the third Friday; unresolved because cmegroup.com/trading/equity-index/rolldates.html could not be fetched (IP-blocked). Search-extract attribution only, NOT a rendered primary source",1
ES,ESZ22,2022-09-12T21:00:00Z,2022-12-12T22:00:00Z,2022-12-16,months=HMUZ ltd=third_friday roll_anchor=ltd roll_lead_days=4,"RULE:CME equity-index quarterly cycle H/M/U/Z; LTD = third Friday of the contract month, cash-settled to the SOQ, no first notice day. Roll = CME's stated CUSTOMARY roll date, the Monday prior to the third Friday. CONFLICT ON RECORD: third-party trade press reports volume/OI actually migrating the Thursday ~8 days before the third Friday; unresolved because cmegroup.com/trading/equity-index/rolldates.html could not be fetched (IP-blocked). Search-extract attribution only, NOT a rendered primary source",1
ES,ESH23,2022-12-12T22:00:00Z,2023-03-13T21:00:00Z,2023-03-17,months=HMUZ ltd=third_friday roll_anchor=ltd roll_lead_days=4,"RULE:CME equity-index quarterly cycle H/M/U/Z; LTD = third Friday of the contract month, cash-settled to the SOQ, no first notice day. Roll = CME's stated CUSTOMARY roll date, the Monday prior to the third Friday. CONFLICT ON RECORD: third-party trade press reports volume/OI actually migrating the Thursday ~8 days before the third Friday; unresolved because cmegroup.com/trading/equity-index/rolldates.html could not be fetched (IP-blocked). Search-extract attribution only, NOT a rendered primary source",1
ES,ESM23,2023-03-13T21:00:00Z,2023-06-12T21:00:00Z,2023-06-16,months=HMUZ ltd=third_friday roll_anchor=ltd roll_lead_days=4,"RULE:CME equity-index quarterly cycle H/M/U/Z; LTD = third Friday of the contract month, cash-settled to the SOQ, no first notice day. Roll = CME's stated CUSTOMARY roll date, the Monday prior to the third Friday. CONFLICT ON RECORD: third-party trade press reports volume/OI actually migrating the Thursday ~8 days before the third Friday; unresolved because cmegroup.com/trading/equity-index/rolldates.html could not be fetched (IP-blocked). Search-extract attribution only, NOT a rendered primary source",1
ES,ESU23,2023-06-12T21:00:00Z,2023-09-11T21:00:00Z,2023-09-15,months=HMUZ ltd=third_friday roll_anchor=ltd roll_lead_days=4,"RULE:CME equity-index quarterly cycle H/M/U/Z; LTD = third Friday of the contract month, cash-settled to the SOQ, no first notice day. Roll = CME's stated CUSTOMARY roll date, the Monday prior to the third Friday. CONFLICT ON RECORD: third-party trade press reports volume/OI actually migrating the Thursday ~8 days before the third Friday; unresolved because cmegroup.com/trading/equity-index/rolldates.html could not be fetched (IP-blocked). Search-extract attribution only, NOT a rendered primary source",1
ES,ESZ23,2023-09-11T21:00:00Z,2023-12-11T22:00:00Z,2023-12-15,months=HMUZ ltd=third_friday roll_anchor=ltd roll_lead_days=4,"RULE:CME equity-index quarterly cycle H/M/U/Z; LTD = third Friday of the contract month, cash-settled to the SOQ, no first notice day. Roll = CME's stated CUSTOMARY roll date, the Monday prior to the third Friday. CONFLICT ON RECORD: third-party trade press reports volume/OI actually migrating the Thursday ~8 days before the third Friday; unresolved because cmegroup.com/trading/equity-index/rolldates.html could not be fetched (IP-blocked). Search-extract attribution only, NOT a rendered primary source",1
ES,ESH24,2023-12-11T22:00:00Z,2024-03-11T21:00:00Z,2024-03-15,months=HMUZ ltd=third_friday roll_anchor=ltd roll_lead_days=4,"RULE:CME equity-index quarterly cycle H/M/U/Z; LTD = third Friday of the contract month, cash-settled to the SOQ, no first notice day. Roll = CME's stated CUSTOMARY roll date, the Monday prior to the third Friday. CONFLICT ON RECORD: third-party trade press reports volume/OI actually migrating the Thursday ~8 days before the third Friday; unresolved because cmegroup.com/trading/equity-index/rolldates.html could not be fetched (IP-blocked). Search-extract attribution only, NOT a rendered primary source",1
ES,ESM24,2024-03-11T21:00:00Z,2024-06-17T21:00:00Z,2024-06-21,months=HMUZ ltd=third_friday roll_anchor=ltd roll_lead_days=4,"RULE:CME equity-index quarterly cycle H/M/U/Z; LTD = third Friday of the contract month, cash-settled to the SOQ, no first notice day. Roll = CME's stated CUSTOMARY roll date, the Monday prior to the third Friday. CONFLICT ON RECORD: third-party trade press reports volume/OI actually migrating the Thursday ~8 days before the third Friday; unresolved because cmegroup.com/trading/equity-index/rolldates.html could not be fetched (IP-blocked). Search-extract attribution only, NOT a rendered primary source",1
ES,ESU24,2024-06-17T21:00:00Z,2024-09-16T21:00:00Z,2024-09-20,months=HMUZ ltd=third_friday roll_anchor=ltd roll_lead_days=4,"RULE:CME equity-index quarterly cycle H/M/U/Z; LTD = third Friday of the contract month, cash-settled to the SOQ, no first notice day. Roll = CME's stated CUSTOMARY roll date, the Monday prior to the third Friday. CONFLICT ON RECORD: third-party trade press reports volume/OI actually migrating the Thursday ~8 days before the third Friday; unresolved because cmegroup.com/trading/equity-index/rolldates.html could not be fetched (IP-blocked). Search-extract attribution only, NOT a rendered primary source",1
ES,ESZ24,2024-09-16T21:00:00Z,2024-12-16T22:00:00Z,2024-12-20,months=HMUZ ltd=third_friday roll_anchor=ltd roll_lead_days=4,"RULE:CME equity-index quarterly cycle H/M/U/Z; LTD = third Friday of the contract month, cash-settled to the SOQ, no first notice day. Roll = CME's stated CUSTOMARY roll date, the Monday prior to the third Friday. CONFLICT ON RECORD: third-party trade press reports volume/OI actually migrating the Thursday ~8 days before the third Friday; unresolved because cmegroup.com/trading/equity-index/rolldates.html could not be fetched (IP-blocked). Search-extract attribution only, NOT a rendered primary source",1
ES,ESH25,2024-12-16T22:00:00Z,2025-03-17T21:00:00Z,2025-03-21,months=HMUZ ltd=third_friday roll_anchor=ltd roll_lead_days=4,"RULE:CME equity-index quarterly cycle H/M/U/Z; LTD = third Friday of the contract month, cash-settled to the SOQ, no first notice day. Roll = CME's stated CUSTOMARY roll date, the Monday prior to the third Friday. CONFLICT ON RECORD: third-party trade press reports volume/OI actually migrating the Thursday ~8 days before the third Friday; unresolved because cmegroup.com/trading/equity-index/rolldates.html could not be fetched (IP-blocked). Search-extract attribution only, NOT a rendered primary source",1
ES,ESM25,2025-03-17T21:00:00Z,2025-06-16T21:00:00Z,2025-06-20,months=HMUZ ltd=third_friday roll_anchor=ltd roll_lead_days=4,"RULE:CME equity-index quarterly cycle H/M/U/Z; LTD = third Friday of the contract month, cash-settled to the SOQ, no first notice day. Roll = CME's stated CUSTOMARY roll date, the Monday prior to the third Friday. CONFLICT ON RECORD: third-party trade press reports volume/OI actually migrating the Thursday ~8 days before the third Friday; unresolved because cmegroup.com/trading/equity-index/rolldates.html could not be fetched (IP-blocked). Search-extract attribution only, NOT a rendered primary source",1
ES,ESU25,2025-06-16T21:00:00Z,2025-09-15T21:00:00Z,2025-09-19,months=HMUZ ltd=third_friday roll_anchor=ltd roll_lead_days=4,"RULE:CME equity-index quarterly cycle H/M/U/Z; LTD = third Friday of the contract month, cash-settled to the SOQ, no first notice day. Roll = CME's stated CUSTOMARY roll date, the Monday prior to the third Friday. CONFLICT ON RECORD: third-party trade press reports volume/OI actually migrating the Thursday ~8 days before the third Friday; unresolved because cmegroup.com/trading/equity-index/rolldates.html could not be fetched (IP-blocked). Search-extract attribution only, NOT a rendered primary source",1
ES,ESZ25,2025-09-15T21:00:00Z,2025-12-15T22:00:00Z,2025-12-19,months=HMUZ ltd=third_friday roll_anchor=ltd roll_lead_days=4,"RULE:CME equity-index quarterly cycle H/M/U/Z; LTD = third Friday of the contract month, cash-settled to the SOQ, no first notice day. Roll = CME's stated CUSTOMARY roll date, the Monday prior to the third Friday. CONFLICT ON RECORD: third-party trade press reports volume/OI actually migrating the Thursday ~8 days before the third Friday; unresolved because cmegroup.com/trading/equity-index/rolldates.html could not be fetched (IP-blocked). Search-extract attribution only, NOT a rendered primary source",1
ES,ESH26,2025-12-15T22:00:00Z,2026-03-16T21:00:00Z,2026-03-20,months=HMUZ ltd=third_friday roll_anchor=ltd roll_lead_days=4,"RULE:CME equity-index quarterly cycle H/M/U/Z; LTD = third Friday of the contract month, cash-settled to the SOQ, no first notice day. Roll = CME's stated CUSTOMARY roll date, the Monday prior to the third Friday. CONFLICT ON RECORD: third-party trade press reports volume/OI actually migrating the Thursday ~8 days before the third Friday; unresolved because cmegroup.com/trading/equity-index/rolldates.html could not be fetched (IP-blocked). Search-extract attribution only, NOT a rendered primary source",1
ES,ESM26,2026-03-16T21:00:00Z,2026-06-15T21:00:00Z,2026-06-19,months=HMUZ ltd=third_friday roll_anchor=ltd roll_lead_days=4,"RULE:CME equity-index quarterly cycle H/M/U/Z; LTD = third Friday of the contract month, cash-settled to the SOQ, no first notice day. Roll = CME's stated CUSTOMARY roll date, the Monday prior to the third Friday. CONFLICT ON RECORD: third-party trade press reports volume/OI actually migrating the Thursday ~8 days before the third Friday; unresolved because cmegroup.com/trading/equity-index/rolldates.html could not be fetched (IP-blocked). Search-extract attribution only, NOT a rendered primary source",1
ES,ESU26,2026-06-15T21:00:00Z,2026-09-14T21:00:00Z,2026-09-18,months=HMUZ ltd=third_friday roll_anchor=ltd roll_lead_days=4,"RULE:CME equity-index quarterly cycle H/M/U/Z; LTD = third Friday of the contract month, cash-settled to the SOQ, no first notice day. Roll = CME's stated CUSTOMARY roll date, the Monday prior to the third Friday. CONFLICT ON RECORD: third-party trade press reports volume/OI actually migrating the Thursday ~8 days before the third Friday; unresolved because cmegroup.com/trading/equity-index/rolldates.html could not be fetched (IP-blocked). Search-extract attribution only, NOT a rendered primary source",1
ES,ESZ26,2026-09-14T21:00:00Z,2026-12-14T22:00:00Z,2026-12-18,months=HMUZ ltd=third_friday roll_anchor=ltd roll_lead_days=4,"RULE:CME equity-index quarterly cycle H/M/U/Z; LTD = third Friday of the contract month, cash-settled to the SOQ, no first notice day. Roll = CME's stated CUSTOMARY roll date, the Monday prior to the third Friday. CONFLICT ON RECORD: third-party trade press reports volume/OI actually migrating the Thursday ~8 days before the third Friday; unresolved because cmegroup.com/trading/equity-index/rolldates.html could not be fetched (IP-blocked). Search-extract attribution only, NOT a rendered primary source",1
ES,ESH27,2026-12-14T22:00:00Z,2027-03-15T21:00:00Z,2027-03-19,months=HMUZ ltd=third_friday roll_anchor=ltd roll_lead_days=4,"RULE:CME equity-index quarterly cycle H/M/U/Z; LTD = third Friday of the contract month, cash-settled to the SOQ, no first notice day. Roll = CME's stated CUSTOMARY roll date, the Monday prior to the third Friday. CONFLICT ON RECORD: third-party trade press reports volume/OI actually migrating the Thursday ~8 days before the third Friday; unresolved because cmegroup.com/trading/equity-index/rolldates.html could not be fetched (IP-blocked). Search-extract attribution only, NOT a rendered primary source",1
ES,ESM27,2027-03-15T21:00:00Z,2027-06-14T21:00:00Z,2027-06-18,months=HMUZ ltd=third_friday roll_anchor=ltd roll_lead_days=4,"RULE:CME equity-index quarterly cycle H/M/U/Z; LTD = third Friday of the contract month, cash-settled to the SOQ, no first notice day. Roll = CME's stated CUSTOMARY roll date, the Monday prior to the third Friday. CONFLICT ON RECORD: third-party trade press reports volume/OI actually migrating the Thursday ~8 days before the third Friday; unresolved because cmegroup.com/trading/equity-index/rolldates.html could not be fetched (IP-blocked). Search-extract attribution only, NOT a rendered primary source",1
ES,ESU27,2027-06-14T21:00:00Z,2027-09-13T21:00:00Z,2027-09-17,months=HMUZ ltd=third_friday roll_anchor=ltd roll_lead_days=4,"RULE:CME equity-index quarterly cycle H/M/U/Z; LTD = third Friday of the contract month, cash-settled to the SOQ, no first notice day. Roll = CME's stated CUSTOMARY roll date, the Monday prior to the third Friday. CONFLICT ON RECORD: third-party trade press reports volume/OI actually migrating the Thursday ~8 days before the third Friday; unresolved because cmegroup.com/trading/equity-index/rolldates.html could not be fetched (IP-blocked). Search-extract attribution only, NOT a rendered primary source",1
ES,ESZ27,2027-09-13T21:00:00Z,2027-12-13T22:00:00Z,2027-12-17,months=HMUZ ltd=third_friday roll_anchor=ltd roll_lead_days=4,"RULE:CME equity-index quarterly cycle H/M/U/Z; LTD = third Friday of the contract month, cash-settled to the SOQ, no first notice day. Roll = CME's stated CUSTOMARY roll date, the Monday prior to the third Friday. CONFLICT ON RECORD: third-party trade press reports volume/OI actually migrating the Thursday ~8 days before the third Friday; unresolved because cmegroup.com/trading/equity-index/rolldates.html could not be fetched (IP-blocked). Search-extract attribution only, NOT a rendered primary source",1
ES,ESH28,2027-12-13T22:00:00Z,2028-03-13T21:00:00Z,2028-03-17,months=HMUZ ltd=third_friday roll_anchor=ltd roll_lead_days=4,"RULE:CME equity-index quarterly cycle H/M/U/Z; LTD = third Friday of the contract month, cash-settled to the SOQ, no first notice day. Roll = CME's stated CUSTOMARY roll date, the Monday prior to the third Friday. CONFLICT ON RECORD: third-party trade press reports volume/OI actually migrating the Thursday ~8 days before the third Friday; unresolved because cmegroup.com/trading/equity-index/rolldates.html could not be fetched (IP-blocked). Search-extract attribution only, NOT a rendered primary source",1
ES,ESM28,2028-03-13T21:00:00Z,2028-06-12T21:00:00Z,2028-06-16,months=HMUZ ltd=third_friday roll_anchor=ltd roll_lead_days=4,"RULE:CME equity-index quarterly cycle H/M/U/Z; LTD = third Friday of the contract month, cash-settled to the SOQ, no first notice day. Roll = CME's stated CUSTOMARY roll date, the Monday prior to the third Friday. CONFLICT ON RECORD: third-party trade press reports volume/OI actually migrating the Thursday ~8 days before the third Friday; unresolved because cmegroup.com/trading/equity-index/rolldates.html could not be fetched (IP-blocked). Search-extract attribution only, NOT a rendered primary source",1
ES,ESU28,2028-06-12T21:00:00Z,2028-09-11T21:00:00Z,2028-09-15,months=HMUZ ltd=third_friday roll_anchor=ltd roll_lead_days=4,"RULE:CME equity-index quarterly cycle H/M/U/Z; LTD = third Friday of the contract month, cash-settled to the SOQ, no first notice day. Roll = CME's stated CUSTOMARY roll date, the Monday prior to the third Friday. CONFLICT ON RECORD: third-party trade press reports volume/OI actually migrating the Thursday ~8 days before the third Friday; unresolved because cmegroup.com/trading/equity-index/rolldates.html could not be fetched (IP-blocked). Search-extract attribution only, NOT a rendered primary source",1
ES,ESZ28,2028-09-11T21:00:00Z,2028-12-11T22:00:00Z,2028-12-15,months=HMUZ ltd=third_friday roll_anchor=ltd roll_lead_days=4,"RULE:CME equity-index quarterly cycle H/M/U/Z; LTD = third Friday of the contract month, cash-settled to the SOQ, no first notice day. Roll = CME's stated CUSTOMARY roll date, the Monday prior to the third Friday. CONFLICT ON RECORD: third-party trade press reports volume/OI actually migrating the Thursday ~8 days before the third Friday; unresolved because cmegroup.com/trading/equity-index/rolldates.html could not be fetched (IP-blocked). Search-extract attribution only, NOT a rendered primary source",1
ES,ESH29,2028-12-11T22:00:00Z,2029-03-12T21:00:00Z,2029-03-16,months=HMUZ ltd=third_friday roll_anchor=ltd roll_lead_days=4,"RULE:CME equity-index quarterly cycle H/M/U/Z; LTD = third Friday of the contract month, cash-settled to the SOQ, no first notice day. Roll = CME's stated CUSTOMARY roll date, the Monday prior to the third Friday. CONFLICT ON RECORD: third-party trade press reports volume/OI actually migrating the Thursday ~8 days before the third Friday; unresolved because cmegroup.com/trading/equity-index/rolldates.html could not be fetched (IP-blocked). Search-extract attribution only, NOT a rendered primary source",1
ES,ESM29,2029-03-12T21:00:00Z,2029-06-11T21:00:00Z,2029-06-15,months=HMUZ ltd=third_friday roll_anchor=ltd roll_lead_days=4,"RULE:CME equity-index quarterly cycle H/M/U/Z; LTD = third Friday of the contract month, cash-settled to the SOQ, no first notice day. Roll = CME's stated CUSTOMARY roll date, the Monday prior to the third Friday. CONFLICT ON RECORD: third-party trade press reports volume/OI actually migrating the Thursday ~8 days before the third Friday; unresolved because cmegroup.com/trading/equity-index/rolldates.html could not be fetched (IP-blocked). Search-extract attribution only, NOT a rendered primary source",1
ES,ESU29,2029-06-11T21:00:00Z,2029-09-17T21:00:00Z,2029-09-21,months=HMUZ ltd=third_friday roll_anchor=ltd roll_lead_days=4,"RULE:CME equity-index quarterly cycle H/M/U/Z; LTD = third Friday of the contract month, cash-settled to the SOQ, no first notice day. Roll = CME's stated CUSTOMARY roll date, the Monday prior to the third Friday. CONFLICT ON RECORD: third-party trade press reports volume/OI actually migrating the Thursday ~8 days before the third Friday; unresolved because cmegroup.com/trading/equity-index/rolldates.html could not be fetched (IP-blocked). Search-extract attribution only, NOT a rendered primary source",1
ES,ESZ29,2029-09-17T21:00:00Z,2029-12-17T22:00:00Z,2029-12-21,months=HMUZ ltd=third_friday roll_anchor=ltd roll_lead_days=4,"RULE:CME equity-index quarterly cycle H/M/U/Z; LTD = third Friday of the contract month, cash-settled to the SOQ, no first notice day. Roll = CME's stated CUSTOMARY roll date, the Monday prior to the third Friday. CONFLICT ON RECORD: third-party trade press reports volume/OI actually migrating the Thursday ~8 days before the third Friday; unresolved because cmegroup.com/trading/equity-index/rolldates.html could not be fetched (IP-blocked). Search-extract attribution only, NOT a rendered primary source",1
ES,ESH30,2029-12-17T22:00:00Z,2030-03-11T21:00:00Z,2030-03-15,months=HMUZ ltd=third_friday roll_anchor=ltd roll_lead_days=4,"RULE:CME equity-index quarterly cycle H/M/U/Z; LTD = third Friday of the contract month, cash-settled to the SOQ, no first notice day. Roll = CME's stated CUSTOMARY roll date, the Monday prior to the third Friday. CONFLICT ON RECORD: third-party trade press reports volume/OI actually migrating the Thursday ~8 days before the third Friday; unresolved because cmegroup.com/trading/equity-index/rolldates.html could not be fetched (IP-blocked). Search-extract attribution only, NOT a rendered primary source",1
ES,ESM30,2030-03-11T21:00:00Z,2030-06-17T21:00:00Z,2030-06-21,months=HMUZ ltd=third_friday roll_anchor=ltd roll_lead_days=4,"RULE:CME equity-index quarterly cycle H/M/U/Z; LTD = third Friday of the contract month, cash-settled to the SOQ, no first notice day. Roll = CME's stated CUSTOMARY roll date, the Monday prior to the third Friday. CONFLICT ON RECORD: third-party trade press reports volume/OI actually migrating the Thursday ~8 days before the third Friday; unresolved because cmegroup.com/trading/equity-index/rolldates.html could not be fetched (IP-blocked). Search-extract attribution only, NOT a rendered primary source",1
ES,ESU30,2030-06-17T21:00:00Z,2030-09-16T21:00:00Z,2030-09-20,months=HMUZ ltd=third_friday roll_anchor=ltd roll_lead_days=4,"RULE:CME equity-index quarterly cycle H/M/U/Z; LTD = third Friday of the contract month, cash-settled to the SOQ, no first notice day. Roll = CME's stated CUSTOMARY roll date, the Monday prior to the third Friday. CONFLICT ON RECORD: third-party trade press reports volume/OI actually migrating the Thursday ~8 days before the third Friday; unresolved because cmegroup.com/trading/equity-index/rolldates.html could not be fetched (IP-blocked). Search-extract attribution only, NOT a rendered primary source",1
ES,ESZ30,2030-09-16T21:00:00Z,2030-12-16T22:00:00Z,2030-12-20,months=HMUZ ltd=third_friday roll_anchor=ltd roll_lead_days=4,"RULE:CME equity-index quarterly cycle H/M/U/Z; LTD = third Friday of the contract month, cash-settled to the SOQ, no first notice day. Roll = CME's stated CUSTOMARY roll date, the Monday prior to the third Friday. CONFLICT ON RECORD: third-party trade press reports volume/OI actually migrating the Thursday ~8 days before the third Friday; unresolved because cmegroup.com/trading/equity-index/rolldates.html could not be fetched (IP-blocked). Search-extract attribution only, NOT a rendered primary source",1
GC,GCJ08,2008-01-25T22:00:00Z,2008-03-26T21:00:00Z,2008-04-28,months=GJMQZ ltd=comex_gc_ltd roll_anchor=fnd roll_lead_days=5,"RULE:COMEX gold lists many months; the ACTIVELY traded set used here is G/J/M/Q/Z (Feb/Apr/Jun/Aug/Dec), CME's own TAS-eligible active months. DISPUTED: several third-party sources add October (V) to the active set; unresolved, and a missing active month shows up as a longer front-month interval, never as a gap. LTD = the 3rd-last business day of the delivery month; roll anchored on First Notice Day (last business day of the preceding month) less 5 calendar days. NOT CORROBORATED: broker/blog figures for the pre-FND migration conflict across 2-10 days",1
GC,GCM08,2008-03-26T21:00:00Z,2008-05-23T21:00:00Z,2008-06-26,months=GJMQZ ltd=comex_gc_ltd roll_anchor=fnd roll_lead_days=5,"RULE:COMEX gold lists many months; the ACTIVELY traded set used here is G/J/M/Q/Z (Feb/Apr/Jun/Aug/Dec), CME's own TAS-eligible active months. DISPUTED: several third-party sources add October (V) to the active set; unresolved, and a missing active month shows up as a longer front-month interval, never as a gap. LTD = the 3rd-last business day of the delivery month; roll anchored on First Notice Day (last business day of the preceding month) less 5 calendar days. NOT CORROBORATED: broker/blog figures for the pre-FND migration conflict across 2-10 days",1
GC,GCQ08,2008-05-23T21:00:00Z,2008-07-25T21:00:00Z,2008-08-27,months=GJMQZ ltd=comex_gc_ltd roll_anchor=fnd roll_lead_days=5,"RULE:COMEX gold lists many months; the ACTIVELY traded set used here is G/J/M/Q/Z (Feb/Apr/Jun/Aug/Dec), CME's own TAS-eligible active months. DISPUTED: several third-party sources add October (V) to the active set; unresolved, and a missing active month shows up as a longer front-month interval, never as a gap. LTD = the 3rd-last business day of the delivery month; roll anchored on First Notice Day (last business day of the preceding month) less 5 calendar days. NOT CORROBORATED: broker/blog figures for the pre-FND migration conflict across 2-10 days",1
GC,GCZ08,2008-07-25T21:00:00Z,2008-11-21T22:00:00Z,2008-12-29,months=GJMQZ ltd=comex_gc_ltd roll_anchor=fnd roll_lead_days=5,"RULE:COMEX gold lists many months; the ACTIVELY traded set used here is G/J/M/Q/Z (Feb/Apr/Jun/Aug/Dec), CME's own TAS-eligible active months. DISPUTED: several third-party sources add October (V) to the active set; unresolved, and a missing active month shows up as a longer front-month interval, never as a gap. LTD = the 3rd-last business day of the delivery month; roll anchored on First Notice Day (last business day of the preceding month) less 5 calendar days. NOT CORROBORATED: broker/blog figures for the pre-FND migration conflict across 2-10 days",1
GC,GCG09,2008-11-21T22:00:00Z,2009-01-23T22:00:00Z,2009-02-25,months=GJMQZ ltd=comex_gc_ltd roll_anchor=fnd roll_lead_days=5,"RULE:COMEX gold lists many months; the ACTIVELY traded set used here is G/J/M/Q/Z (Feb/Apr/Jun/Aug/Dec), CME's own TAS-eligible active months. DISPUTED: several third-party sources add October (V) to the active set; unresolved, and a missing active month shows up as a longer front-month interval, never as a gap. LTD = the 3rd-last business day of the delivery month; roll anchored on First Notice Day (last business day of the preceding month) less 5 calendar days. NOT CORROBORATED: broker/blog figures for the pre-FND migration conflict across 2-10 days",1
GC,GCJ09,2009-01-23T22:00:00Z,2009-03-26T21:00:00Z,2009-04-28,months=GJMQZ ltd=comex_gc_ltd roll_anchor=fnd roll_lead_days=5,"RULE:COMEX gold lists many months; the ACTIVELY traded set used here is G/J/M/Q/Z (Feb/Apr/Jun/Aug/Dec), CME's own TAS-eligible active months. DISPUTED: several third-party sources add October (V) to the active set; unresolved, and a missing active month shows up as a longer front-month interval, never as a gap. LTD = the 3rd-last business day of the delivery month; roll anchored on First Notice Day (last business day of the preceding month) less 5 calendar days. NOT CORROBORATED: broker/blog figures for the pre-FND migration conflict across 2-10 days",1
GC,GCM09,2009-03-26T21:00:00Z,2009-05-22T21:00:00Z,2009-06-26,months=GJMQZ ltd=comex_gc_ltd roll_anchor=fnd roll_lead_days=5,"RULE:COMEX gold lists many months; the ACTIVELY traded set used here is G/J/M/Q/Z (Feb/Apr/Jun/Aug/Dec), CME's own TAS-eligible active months. DISPUTED: several third-party sources add October (V) to the active set; unresolved, and a missing active month shows up as a longer front-month interval, never as a gap. LTD = the 3rd-last business day of the delivery month; roll anchored on First Notice Day (last business day of the preceding month) less 5 calendar days. NOT CORROBORATED: broker/blog figures for the pre-FND migration conflict across 2-10 days",1
GC,GCQ09,2009-05-22T21:00:00Z,2009-07-24T21:00:00Z,2009-08-27,months=GJMQZ ltd=comex_gc_ltd roll_anchor=fnd roll_lead_days=5,"RULE:COMEX gold lists many months; the ACTIVELY traded set used here is G/J/M/Q/Z (Feb/Apr/Jun/Aug/Dec), CME's own TAS-eligible active months. DISPUTED: several third-party sources add October (V) to the active set; unresolved, and a missing active month shows up as a longer front-month interval, never as a gap. LTD = the 3rd-last business day of the delivery month; roll anchored on First Notice Day (last business day of the preceding month) less 5 calendar days. NOT CORROBORATED: broker/blog figures for the pre-FND migration conflict across 2-10 days",1
GC,GCZ09,2009-07-24T21:00:00Z,2009-11-25T22:00:00Z,2009-12-29,months=GJMQZ ltd=comex_gc_ltd roll_anchor=fnd roll_lead_days=5,"RULE:COMEX gold lists many months; the ACTIVELY traded set used here is G/J/M/Q/Z (Feb/Apr/Jun/Aug/Dec), CME's own TAS-eligible active months. DISPUTED: several third-party sources add October (V) to the active set; unresolved, and a missing active month shows up as a longer front-month interval, never as a gap. LTD = the 3rd-last business day of the delivery month; roll anchored on First Notice Day (last business day of the preceding month) less 5 calendar days. NOT CORROBORATED: broker/blog figures for the pre-FND migration conflict across 2-10 days",1
GC,GCG10,2009-11-25T22:00:00Z,2010-01-22T22:00:00Z,2010-02-24,months=GJMQZ ltd=comex_gc_ltd roll_anchor=fnd roll_lead_days=5,"RULE:COMEX gold lists many months; the ACTIVELY traded set used here is G/J/M/Q/Z (Feb/Apr/Jun/Aug/Dec), CME's own TAS-eligible active months. DISPUTED: several third-party sources add October (V) to the active set; unresolved, and a missing active month shows up as a longer front-month interval, never as a gap. LTD = the 3rd-last business day of the delivery month; roll anchored on First Notice Day (last business day of the preceding month) less 5 calendar days. NOT CORROBORATED: broker/blog figures for the pre-FND migration conflict across 2-10 days",1
GC,GCJ10,2010-01-22T22:00:00Z,2010-03-26T21:00:00Z,2010-04-28,months=GJMQZ ltd=comex_gc_ltd roll_anchor=fnd roll_lead_days=5,"RULE:COMEX gold lists many months; the ACTIVELY traded set used here is G/J/M/Q/Z (Feb/Apr/Jun/Aug/Dec), CME's own TAS-eligible active months. DISPUTED: several third-party sources add October (V) to the active set; unresolved, and a missing active month shows up as a longer front-month interval, never as a gap. LTD = the 3rd-last business day of the delivery month; roll anchored on First Notice Day (last business day of the preceding month) less 5 calendar days. NOT CORROBORATED: broker/blog figures for the pre-FND migration conflict across 2-10 days",1
GC,GCM10,2010-03-26T21:00:00Z,2010-05-26T21:00:00Z,2010-06-28,months=GJMQZ ltd=comex_gc_ltd roll_anchor=fnd roll_lead_days=5,"RULE:COMEX gold lists many months; the ACTIVELY traded set used here is G/J/M/Q/Z (Feb/Apr/Jun/Aug/Dec), CME's own TAS-eligible active months. DISPUTED: several third-party sources add October (V) to the active set; unresolved, and a missing active month shows up as a longer front-month interval, never as a gap. LTD = the 3rd-last business day of the delivery month; roll anchored on First Notice Day (last business day of the preceding month) less 5 calendar days. NOT CORROBORATED: broker/blog figures for the pre-FND migration conflict across 2-10 days",1
GC,GCQ10,2010-05-26T21:00:00Z,2010-07-23T21:00:00Z,2010-08-27,months=GJMQZ ltd=comex_gc_ltd roll_anchor=fnd roll_lead_days=5,"RULE:COMEX gold lists many months; the ACTIVELY traded set used here is G/J/M/Q/Z (Feb/Apr/Jun/Aug/Dec), CME's own TAS-eligible active months. DISPUTED: several third-party sources add October (V) to the active set; unresolved, and a missing active month shows up as a longer front-month interval, never as a gap. LTD = the 3rd-last business day of the delivery month; roll anchored on First Notice Day (last business day of the preceding month) less 5 calendar days. NOT CORROBORATED: broker/blog figures for the pre-FND migration conflict across 2-10 days",1
GC,GCZ10,2010-07-23T21:00:00Z,2010-11-25T18:00:00Z,2010-12-29,months=GJMQZ ltd=comex_gc_ltd roll_anchor=fnd roll_lead_days=5,"RULE:COMEX gold lists many months; the ACTIVELY traded set used here is G/J/M/Q/Z (Feb/Apr/Jun/Aug/Dec), CME's own TAS-eligible active months. DISPUTED: several third-party sources add October (V) to the active set; unresolved, and a missing active month shows up as a longer front-month interval, never as a gap. LTD = the 3rd-last business day of the delivery month; roll anchored on First Notice Day (last business day of the preceding month) less 5 calendar days. NOT CORROBORATED: broker/blog figures for the pre-FND migration conflict across 2-10 days",1
GC,GCG11,2010-11-25T18:00:00Z,2011-01-26T22:00:00Z,2011-02-24,months=GJMQZ ltd=comex_gc_ltd roll_anchor=fnd roll_lead_days=5,"RULE:COMEX gold lists many months; the ACTIVELY traded set used here is G/J/M/Q/Z (Feb/Apr/Jun/Aug/Dec), CME's own TAS-eligible active months. DISPUTED: several third-party sources add October (V) to the active set; unresolved, and a missing active month shows up as a longer front-month interval, never as a gap. LTD = the 3rd-last business day of the delivery month; roll anchored on First Notice Day (last business day of the preceding month) less 5 calendar days. NOT CORROBORATED: broker/blog figures for the pre-FND migration conflict across 2-10 days",1
GC,GCJ11,2011-01-26T22:00:00Z,2011-03-25T21:00:00Z,2011-04-27,months=GJMQZ ltd=comex_gc_ltd roll_anchor=fnd roll_lead_days=5,"RULE:COMEX gold lists many months; the ACTIVELY traded set used here is G/J/M/Q/Z (Feb/Apr/Jun/Aug/Dec), CME's own TAS-eligible active months. DISPUTED: several third-party sources add October (V) to the active set; unresolved, and a missing active month shows up as a longer front-month interval, never as a gap. LTD = the 3rd-last business day of the delivery month; roll anchored on First Notice Day (last business day of the preceding month) less 5 calendar days. NOT CORROBORATED: broker/blog figures for the pre-FND migration conflict across 2-10 days",1
GC,GCM11,2011-03-25T21:00:00Z,2011-05-26T21:00:00Z,2011-06-28,months=GJMQZ ltd=comex_gc_ltd roll_anchor=fnd roll_lead_days=5,"RULE:COMEX gold lists many months; the ACTIVELY traded set used here is G/J/M/Q/Z (Feb/Apr/Jun/Aug/Dec), CME's own TAS-eligible active months. DISPUTED: several third-party sources add October (V) to the active set; unresolved, and a missing active month shows up as a longer front-month interval, never as a gap. LTD = the 3rd-last business day of the delivery month; roll anchored on First Notice Day (last business day of the preceding month) less 5 calendar days. NOT CORROBORATED: broker/blog figures for the pre-FND migration conflict across 2-10 days",1
GC,GCQ11,2011-05-26T21:00:00Z,2011-07-22T21:00:00Z,2011-08-29,months=GJMQZ ltd=comex_gc_ltd roll_anchor=fnd roll_lead_days=5,"RULE:COMEX gold lists many months; the ACTIVELY traded set used here is G/J/M/Q/Z (Feb/Apr/Jun/Aug/Dec), CME's own TAS-eligible active months. DISPUTED: several third-party sources add October (V) to the active set; unresolved, and a missing active month shows up as a longer front-month interval, never as a gap. LTD = the 3rd-last business day of the delivery month; roll anchored on First Notice Day (last business day of the preceding month) less 5 calendar days. NOT CORROBORATED: broker/blog figures for the pre-FND migration conflict across 2-10 days",1
GC,GCZ11,2011-07-22T21:00:00Z,2011-11-25T18:45:00Z,2011-12-28,months=GJMQZ ltd=comex_gc_ltd roll_anchor=fnd roll_lead_days=5,"RULE:COMEX gold lists many months; the ACTIVELY traded set used here is G/J/M/Q/Z (Feb/Apr/Jun/Aug/Dec), CME's own TAS-eligible active months. DISPUTED: several third-party sources add October (V) to the active set; unresolved, and a missing active month shows up as a longer front-month interval, never as a gap. LTD = the 3rd-last business day of the delivery month; roll anchored on First Notice Day (last business day of the preceding month) less 5 calendar days. NOT CORROBORATED: broker/blog figures for the pre-FND migration conflict across 2-10 days",1
GC,GCG12,2011-11-25T18:45:00Z,2012-01-26T22:00:00Z,2012-02-27,months=GJMQZ ltd=comex_gc_ltd roll_anchor=fnd roll_lead_days=5,"RULE:COMEX gold lists many months; the ACTIVELY traded set used here is G/J/M/Q/Z (Feb/Apr/Jun/Aug/Dec), CME's own TAS-eligible active months. DISPUTED: several third-party sources add October (V) to the active set; unresolved, and a missing active month shows up as a longer front-month interval, never as a gap. LTD = the 3rd-last business day of the delivery month; roll anchored on First Notice Day (last business day of the preceding month) less 5 calendar days. NOT CORROBORATED: broker/blog figures for the pre-FND migration conflict across 2-10 days",1
GC,GCJ12,2012-01-26T22:00:00Z,2012-03-23T21:00:00Z,2012-04-26,months=GJMQZ ltd=comex_gc_ltd roll_anchor=fnd roll_lead_days=5,"RULE:COMEX gold lists many months; the ACTIVELY traded set used here is G/J/M/Q/Z (Feb/Apr/Jun/Aug/Dec), CME's own TAS-eligible active months. DISPUTED: several third-party sources add October (V) to the active set; unresolved, and a missing active month shows up as a longer front-month interval, never as a gap. LTD = the 3rd-last business day of the delivery month; roll anchored on First Notice Day (last business day of the preceding month) less 5 calendar days. NOT CORROBORATED: broker/blog figures for the pre-FND migration conflict across 2-10 days",1
GC,GCM12,2012-03-23T21:00:00Z,2012-05-25T21:00:00Z,2012-06-27,months=GJMQZ ltd=comex_gc_ltd roll_anchor=fnd roll_lead_days=5,"RULE:COMEX gold lists many months; the ACTIVELY traded set used here is G/J/M/Q/Z (Feb/Apr/Jun/Aug/Dec), CME's own TAS-eligible active months. DISPUTED: several third-party sources add October (V) to the active set; unresolved, and a missing active month shows up as a longer front-month interval, never as a gap. LTD = the 3rd-last business day of the delivery month; roll anchored on First Notice Day (last business day of the preceding month) less 5 calendar days. NOT CORROBORATED: broker/blog figures for the pre-FND migration conflict across 2-10 days",1
GC,GCQ12,2012-05-25T21:00:00Z,2012-07-26T21:00:00Z,2012-08-29,months=GJMQZ ltd=comex_gc_ltd roll_anchor=fnd roll_lead_days=5,"RULE:COMEX gold lists many months; the ACTIVELY traded set used here is G/J/M/Q/Z (Feb/Apr/Jun/Aug/Dec), CME's own TAS-eligible active months. DISPUTED: several third-party sources add October (V) to the active set; unresolved, and a missing active month shows up as a longer front-month interval, never as a gap. LTD = the 3rd-last business day of the delivery month; roll anchored on First Notice Day (last business day of the preceding month) less 5 calendar days. NOT CORROBORATED: broker/blog figures for the pre-FND migration conflict across 2-10 days",1
GC,GCZ12,2012-07-26T21:00:00Z,2012-11-23T18:45:00Z,2012-12-27,months=GJMQZ ltd=comex_gc_ltd roll_anchor=fnd roll_lead_days=5,"RULE:COMEX gold lists many months; the ACTIVELY traded set used here is G/J/M/Q/Z (Feb/Apr/Jun/Aug/Dec), CME's own TAS-eligible active months. DISPUTED: several third-party sources add October (V) to the active set; unresolved, and a missing active month shows up as a longer front-month interval, never as a gap. LTD = the 3rd-last business day of the delivery month; roll anchored on First Notice Day (last business day of the preceding month) less 5 calendar days. NOT CORROBORATED: broker/blog figures for the pre-FND migration conflict across 2-10 days",1
GC,GCG13,2012-11-23T18:45:00Z,2013-01-25T22:00:00Z,2013-02-26,months=GJMQZ ltd=comex_gc_ltd roll_anchor=fnd roll_lead_days=5,"RULE:COMEX gold lists many months; the ACTIVELY traded set used here is G/J/M/Q/Z (Feb/Apr/Jun/Aug/Dec), CME's own TAS-eligible active months. DISPUTED: several third-party sources add October (V) to the active set; unresolved, and a missing active month shows up as a longer front-month interval, never as a gap. LTD = the 3rd-last business day of the delivery month; roll anchored on First Notice Day (last business day of the preceding month) less 5 calendar days. NOT CORROBORATED: broker/blog figures for the pre-FND migration conflict across 2-10 days",1
GC,GCJ13,2013-01-25T22:00:00Z,2013-03-22T21:00:00Z,2013-04-26,months=GJMQZ ltd=comex_gc_ltd roll_anchor=fnd roll_lead_days=5,"RULE:COMEX gold lists many months; the ACTIVELY traded set used here is G/J/M/Q/Z (Feb/Apr/Jun/Aug/Dec), CME's own TAS-eligible active months. DISPUTED: several third-party sources add October (V) to the active set; unresolved, and a missing active month shows up as a longer front-month interval, never as a gap. LTD = the 3rd-last business day of the delivery month; roll anchored on First Notice Day (last business day of the preceding month) less 5 calendar days. NOT CORROBORATED: broker/blog figures for the pre-FND migration conflict across 2-10 days",1
GC,GCM13,2013-03-22T21:00:00Z,2013-05-24T21:00:00Z,2013-06-26,months=GJMQZ ltd=comex_gc_ltd roll_anchor=fnd roll_lead_days=5,"RULE:COMEX gold lists many months; the ACTIVELY traded set used here is G/J/M/Q/Z (Feb/Apr/Jun/Aug/Dec), CME's own TAS-eligible active months. DISPUTED: several third-party sources add October (V) to the active set; unresolved, and a missing active month shows up as a longer front-month interval, never as a gap. LTD = the 3rd-last business day of the delivery month; roll anchored on First Notice Day (last business day of the preceding month) less 5 calendar days. NOT CORROBORATED: broker/blog figures for the pre-FND migration conflict across 2-10 days",1
GC,GCQ13,2013-05-24T21:00:00Z,2013-07-26T21:00:00Z,2013-08-28,months=GJMQZ ltd=comex_gc_ltd roll_anchor=fnd roll_lead_days=5,"RULE:COMEX gold lists many months; the ACTIVELY traded set used here is G/J/M/Q/Z (Feb/Apr/Jun/Aug/Dec), CME's own TAS-eligible active months. DISPUTED: several third-party sources add October (V) to the active set; unresolved, and a missing active month shows up as a longer front-month interval, never as a gap. LTD = the 3rd-last business day of the delivery month; roll anchored on First Notice Day (last business day of the preceding month) less 5 calendar days. NOT CORROBORATED: broker/blog figures for the pre-FND migration conflict across 2-10 days",1
GC,GCZ13,2013-07-26T21:00:00Z,2013-11-22T22:00:00Z,2013-12-27,months=GJMQZ ltd=comex_gc_ltd roll_anchor=fnd roll_lead_days=5,"RULE:COMEX gold lists many months; the ACTIVELY traded set used here is G/J/M/Q/Z (Feb/Apr/Jun/Aug/Dec), CME's own TAS-eligible active months. DISPUTED: several third-party sources add October (V) to the active set; unresolved, and a missing active month shows up as a longer front-month interval, never as a gap. LTD = the 3rd-last business day of the delivery month; roll anchored on First Notice Day (last business day of the preceding month) less 5 calendar days. NOT CORROBORATED: broker/blog figures for the pre-FND migration conflict across 2-10 days",1
GC,GCG14,2013-11-22T22:00:00Z,2014-01-24T22:00:00Z,2014-02-26,months=GJMQZ ltd=comex_gc_ltd roll_anchor=fnd roll_lead_days=5,"RULE:COMEX gold lists many months; the ACTIVELY traded set used here is G/J/M/Q/Z (Feb/Apr/Jun/Aug/Dec), CME's own TAS-eligible active months. DISPUTED: several third-party sources add October (V) to the active set; unresolved, and a missing active month shows up as a longer front-month interval, never as a gap. LTD = the 3rd-last business day of the delivery month; roll anchored on First Notice Day (last business day of the preceding month) less 5 calendar days. NOT CORROBORATED: broker/blog figures for the pre-FND migration conflict across 2-10 days",1
GC,GCJ14,2014-01-24T22:00:00Z,2014-03-26T21:00:00Z,2014-04-28,months=GJMQZ ltd=comex_gc_ltd roll_anchor=fnd roll_lead_days=5,"RULE:COMEX gold lists many months; the ACTIVELY traded set used here is G/J/M/Q/Z (Feb/Apr/Jun/Aug/Dec), CME's own TAS-eligible active months. DISPUTED: several third-party sources add October (V) to the active set; unresolved, and a missing active month shows up as a longer front-month interval, never as a gap. LTD = the 3rd-last business day of the delivery month; roll anchored on First Notice Day (last business day of the preceding month) less 5 calendar days. NOT CORROBORATED: broker/blog figures for the pre-FND migration conflict across 2-10 days",1
GC,GCM14,2014-03-26T21:00:00Z,2014-05-23T21:00:00Z,2014-06-26,months=GJMQZ ltd=comex_gc_ltd roll_anchor=fnd roll_lead_days=5,"RULE:COMEX gold lists many months; the ACTIVELY traded set used here is G/J/M/Q/Z (Feb/Apr/Jun/Aug/Dec), CME's own TAS-eligible active months. DISPUTED: several third-party sources add October (V) to the active set; unresolved, and a missing active month shows up as a longer front-month interval, never as a gap. LTD = the 3rd-last business day of the delivery month; roll anchored on First Notice Day (last business day of the preceding month) less 5 calendar days. NOT CORROBORATED: broker/blog figures for the pre-FND migration conflict across 2-10 days",1
GC,GCQ14,2014-05-23T21:00:00Z,2014-07-25T21:00:00Z,2014-08-27,months=GJMQZ ltd=comex_gc_ltd roll_anchor=fnd roll_lead_days=5,"RULE:COMEX gold lists many months; the ACTIVELY traded set used here is G/J/M/Q/Z (Feb/Apr/Jun/Aug/Dec), CME's own TAS-eligible active months. DISPUTED: several third-party sources add October (V) to the active set; unresolved, and a missing active month shows up as a longer front-month interval, never as a gap. LTD = the 3rd-last business day of the delivery month; roll anchored on First Notice Day (last business day of the preceding month) less 5 calendar days. NOT CORROBORATED: broker/blog figures for the pre-FND migration conflict across 2-10 days",1
GC,GCZ14,2014-07-25T21:00:00Z,2014-11-21T22:00:00Z,2014-12-29,months=GJMQZ ltd=comex_gc_ltd roll_anchor=fnd roll_lead_days=5,"RULE:COMEX gold lists many months; the ACTIVELY traded set used here is G/J/M/Q/Z (Feb/Apr/Jun/Aug/Dec), CME's own TAS-eligible active months. DISPUTED: several third-party sources add October (V) to the active set; unresolved, and a missing active month shows up as a longer front-month interval, never as a gap. LTD = the 3rd-last business day of the delivery month; roll anchored on First Notice Day (last business day of the preceding month) less 5 calendar days. NOT CORROBORATED: broker/blog figures for the pre-FND migration conflict across 2-10 days",1
GC,GCG15,2014-11-21T22:00:00Z,2015-01-23T22:00:00Z,2015-02-25,months=GJMQZ ltd=comex_gc_ltd roll_anchor=fnd roll_lead_days=5,"RULE:COMEX gold lists many months; the ACTIVELY traded set used here is G/J/M/Q/Z (Feb/Apr/Jun/Aug/Dec), CME's own TAS-eligible active months. DISPUTED: several third-party sources add October (V) to the active set; unresolved, and a missing active month shows up as a longer front-month interval, never as a gap. LTD = the 3rd-last business day of the delivery month; roll anchored on First Notice Day (last business day of the preceding month) less 5 calendar days. NOT CORROBORATED: broker/blog figures for the pre-FND migration conflict across 2-10 days",1
GC,GCJ15,2015-01-23T22:00:00Z,2015-03-26T21:00:00Z,2015-04-28,months=GJMQZ ltd=comex_gc_ltd roll_anchor=fnd roll_lead_days=5,"RULE:COMEX gold lists many months; the ACTIVELY traded set used here is G/J/M/Q/Z (Feb/Apr/Jun/Aug/Dec), CME's own TAS-eligible active months. DISPUTED: several third-party sources add October (V) to the active set; unresolved, and a missing active month shows up as a longer front-month interval, never as a gap. LTD = the 3rd-last business day of the delivery month; roll anchored on First Notice Day (last business day of the preceding month) less 5 calendar days. NOT CORROBORATED: broker/blog figures for the pre-FND migration conflict across 2-10 days",1
GC,GCM15,2015-03-26T21:00:00Z,2015-05-22T21:00:00Z,2015-06-26,months=GJMQZ ltd=comex_gc_ltd roll_anchor=fnd roll_lead_days=5,"RULE:COMEX gold lists many months; the ACTIVELY traded set used here is G/J/M/Q/Z (Feb/Apr/Jun/Aug/Dec), CME's own TAS-eligible active months. DISPUTED: several third-party sources add October (V) to the active set; unresolved, and a missing active month shows up as a longer front-month interval, never as a gap. LTD = the 3rd-last business day of the delivery month; roll anchored on First Notice Day (last business day of the preceding month) less 5 calendar days. NOT CORROBORATED: broker/blog figures for the pre-FND migration conflict across 2-10 days",1
GC,GCQ15,2015-05-22T21:00:00Z,2015-07-24T21:00:00Z,2015-08-27,months=GJMQZ ltd=comex_gc_ltd roll_anchor=fnd roll_lead_days=5,"RULE:COMEX gold lists many months; the ACTIVELY traded set used here is G/J/M/Q/Z (Feb/Apr/Jun/Aug/Dec), CME's own TAS-eligible active months. DISPUTED: several third-party sources add October (V) to the active set; unresolved, and a missing active month shows up as a longer front-month interval, never as a gap. LTD = the 3rd-last business day of the delivery month; roll anchored on First Notice Day (last business day of the preceding month) less 5 calendar days. NOT CORROBORATED: broker/blog figures for the pre-FND migration conflict across 2-10 days",1
GC,GCZ15,2015-07-24T21:00:00Z,2015-11-25T22:00:00Z,2015-12-29,months=GJMQZ ltd=comex_gc_ltd roll_anchor=fnd roll_lead_days=5,"RULE:COMEX gold lists many months; the ACTIVELY traded set used here is G/J/M/Q/Z (Feb/Apr/Jun/Aug/Dec), CME's own TAS-eligible active months. DISPUTED: several third-party sources add October (V) to the active set; unresolved, and a missing active month shows up as a longer front-month interval, never as a gap. LTD = the 3rd-last business day of the delivery month; roll anchored on First Notice Day (last business day of the preceding month) less 5 calendar days. NOT CORROBORATED: broker/blog figures for the pre-FND migration conflict across 2-10 days",1
GC,GCG16,2015-11-25T22:00:00Z,2016-01-22T22:00:00Z,2016-02-25,months=GJMQZ ltd=comex_gc_ltd roll_anchor=fnd roll_lead_days=5,"RULE:COMEX gold lists many months; the ACTIVELY traded set used here is G/J/M/Q/Z (Feb/Apr/Jun/Aug/Dec), CME's own TAS-eligible active months. DISPUTED: several third-party sources add October (V) to the active set; unresolved, and a missing active month shows up as a longer front-month interval, never as a gap. LTD = the 3rd-last business day of the delivery month; roll anchored on First Notice Day (last business day of the preceding month) less 5 calendar days. NOT CORROBORATED: broker/blog figures for the pre-FND migration conflict across 2-10 days",1
GC,GCJ16,2016-01-22T22:00:00Z,2016-03-24T21:00:00Z,2016-04-27,months=GJMQZ ltd=comex_gc_ltd roll_anchor=fnd roll_lead_days=5,"RULE:COMEX gold lists many months; the ACTIVELY traded set used here is G/J/M/Q/Z (Feb/Apr/Jun/Aug/Dec), CME's own TAS-eligible active months. DISPUTED: several third-party sources add October (V) to the active set; unresolved, and a missing active month shows up as a longer front-month interval, never as a gap. LTD = the 3rd-last business day of the delivery month; roll anchored on First Notice Day (last business day of the preceding month) less 5 calendar days. NOT CORROBORATED: broker/blog figures for the pre-FND migration conflict across 2-10 days",1
GC,GCM16,2016-03-24T21:00:00Z,2016-05-26T21:00:00Z,2016-06-28,months=GJMQZ ltd=comex_gc_ltd roll_anchor=fnd roll_lead_days=5,"RULE:COMEX gold lists many months; the ACTIVELY traded set used here is G/J/M/Q/Z (Feb/Apr/Jun/Aug/Dec), CME's own TAS-eligible active months. DISPUTED: several third-party sources add October (V) to the active set; unresolved, and a missing active month shows up as a longer front-month interval, never as a gap. LTD = the 3rd-last business day of the delivery month; roll anchored on First Notice Day (last business day of the preceding month) less 5 calendar days. NOT CORROBORATED: broker/blog figures for the pre-FND migration conflict across 2-10 days",1
GC,GCQ16,2016-05-26T21:00:00Z,2016-07-22T21:00:00Z,2016-08-29,months=GJMQZ ltd=comex_gc_ltd roll_anchor=fnd roll_lead_days=5,"RULE:COMEX gold lists many months; the ACTIVELY traded set used here is G/J/M/Q/Z (Feb/Apr/Jun/Aug/Dec), CME's own TAS-eligible active months. DISPUTED: several third-party sources add October (V) to the active set; unresolved, and a missing active month shows up as a longer front-month interval, never as a gap. LTD = the 3rd-last business day of the delivery month; roll anchored on First Notice Day (last business day of the preceding month) less 5 calendar days. NOT CORROBORATED: broker/blog figures for the pre-FND migration conflict across 2-10 days",1
GC,GCZ16,2016-07-22T21:00:00Z,2016-11-25T18:45:00Z,2016-12-28,months=GJMQZ ltd=comex_gc_ltd roll_anchor=fnd roll_lead_days=5,"RULE:COMEX gold lists many months; the ACTIVELY traded set used here is G/J/M/Q/Z (Feb/Apr/Jun/Aug/Dec), CME's own TAS-eligible active months. DISPUTED: several third-party sources add October (V) to the active set; unresolved, and a missing active month shows up as a longer front-month interval, never as a gap. LTD = the 3rd-last business day of the delivery month; roll anchored on First Notice Day (last business day of the preceding month) less 5 calendar days. NOT CORROBORATED: broker/blog figures for the pre-FND migration conflict across 2-10 days",1
GC,GCG17,2016-11-25T18:45:00Z,2017-01-26T22:00:00Z,2017-02-24,months=GJMQZ ltd=comex_gc_ltd roll_anchor=fnd roll_lead_days=5,"RULE:COMEX gold lists many months; the ACTIVELY traded set used here is G/J/M/Q/Z (Feb/Apr/Jun/Aug/Dec), CME's own TAS-eligible active months. DISPUTED: several third-party sources add October (V) to the active set; unresolved, and a missing active month shows up as a longer front-month interval, never as a gap. LTD = the 3rd-last business day of the delivery month; roll anchored on First Notice Day (last business day of the preceding month) less 5 calendar days. NOT CORROBORATED: broker/blog figures for the pre-FND migration conflict across 2-10 days",1
GC,GCJ17,2017-01-26T22:00:00Z,2017-03-24T21:00:00Z,2017-04-26,months=GJMQZ ltd=comex_gc_ltd roll_anchor=fnd roll_lead_days=5,"RULE:COMEX gold lists many months; the ACTIVELY traded set used here is G/J/M/Q/Z (Feb/Apr/Jun/Aug/Dec), CME's own TAS-eligible active months. DISPUTED: several third-party sources add October (V) to the active set; unresolved, and a missing active month shows up as a longer front-month interval, never as a gap. LTD = the 3rd-last business day of the delivery month; roll anchored on First Notice Day (last business day of the preceding month) less 5 calendar days. NOT CORROBORATED: broker/blog figures for the pre-FND migration conflict across 2-10 days",1
GC,GCM17,2017-03-24T21:00:00Z,2017-05-26T21:00:00Z,2017-06-28,months=GJMQZ ltd=comex_gc_ltd roll_anchor=fnd roll_lead_days=5,"RULE:COMEX gold lists many months; the ACTIVELY traded set used here is G/J/M/Q/Z (Feb/Apr/Jun/Aug/Dec), CME's own TAS-eligible active months. DISPUTED: several third-party sources add October (V) to the active set; unresolved, and a missing active month shows up as a longer front-month interval, never as a gap. LTD = the 3rd-last business day of the delivery month; roll anchored on First Notice Day (last business day of the preceding month) less 5 calendar days. NOT CORROBORATED: broker/blog figures for the pre-FND migration conflict across 2-10 days",1
GC,GCQ17,2017-05-26T21:00:00Z,2017-07-26T21:00:00Z,2017-08-29,months=GJMQZ ltd=comex_gc_ltd roll_anchor=fnd roll_lead_days=5,"RULE:COMEX gold lists many months; the ACTIVELY traded set used here is G/J/M/Q/Z (Feb/Apr/Jun/Aug/Dec), CME's own TAS-eligible active months. DISPUTED: several third-party sources add October (V) to the active set; unresolved, and a missing active month shows up as a longer front-month interval, never as a gap. LTD = the 3rd-last business day of the delivery month; roll anchored on First Notice Day (last business day of the preceding month) less 5 calendar days. NOT CORROBORATED: broker/blog figures for the pre-FND migration conflict across 2-10 days",1
GC,GCZ17,2017-07-26T21:00:00Z,2017-11-24T18:45:00Z,2017-12-27,months=GJMQZ ltd=comex_gc_ltd roll_anchor=fnd roll_lead_days=5,"RULE:COMEX gold lists many months; the ACTIVELY traded set used here is G/J/M/Q/Z (Feb/Apr/Jun/Aug/Dec), CME's own TAS-eligible active months. DISPUTED: several third-party sources add October (V) to the active set; unresolved, and a missing active month shows up as a longer front-month interval, never as a gap. LTD = the 3rd-last business day of the delivery month; roll anchored on First Notice Day (last business day of the preceding month) less 5 calendar days. NOT CORROBORATED: broker/blog figures for the pre-FND migration conflict across 2-10 days",1
GC,GCG18,2017-11-24T18:45:00Z,2018-01-26T22:00:00Z,2018-02-26,months=GJMQZ ltd=comex_gc_ltd roll_anchor=fnd roll_lead_days=5,"RULE:COMEX gold lists many months; the ACTIVELY traded set used here is G/J/M/Q/Z (Feb/Apr/Jun/Aug/Dec), CME's own TAS-eligible active months. DISPUTED: several third-party sources add October (V) to the active set; unresolved, and a missing active month shows up as a longer front-month interval, never as a gap. LTD = the 3rd-last business day of the delivery month; roll anchored on First Notice Day (last business day of the preceding month) less 5 calendar days. NOT CORROBORATED: broker/blog figures for the pre-FND migration conflict across 2-10 days",1
GC,GCJ18,2018-01-26T22:00:00Z,2018-03-23T21:00:00Z,2018-04-26,months=GJMQZ ltd=comex_gc_ltd roll_anchor=fnd roll_lead_days=5,"RULE:COMEX gold lists many months; the ACTIVELY traded set used here is G/J/M/Q/Z (Feb/Apr/Jun/Aug/Dec), CME's own TAS-eligible active months. DISPUTED: several third-party sources add October (V) to the active set; unresolved, and a missing active month shows up as a longer front-month interval, never as a gap. LTD = the 3rd-last business day of the delivery month; roll anchored on First Notice Day (last business day of the preceding month) less 5 calendar days. NOT CORROBORATED: broker/blog figures for the pre-FND migration conflict across 2-10 days",1
GC,GCM18,2018-03-23T21:00:00Z,2018-05-25T21:00:00Z,2018-06-27,months=GJMQZ ltd=comex_gc_ltd roll_anchor=fnd roll_lead_days=5,"RULE:COMEX gold lists many months; the ACTIVELY traded set used here is G/J/M/Q/Z (Feb/Apr/Jun/Aug/Dec), CME's own TAS-eligible active months. DISPUTED: several third-party sources add October (V) to the active set; unresolved, and a missing active month shows up as a longer front-month interval, never as a gap. LTD = the 3rd-last business day of the delivery month; roll anchored on First Notice Day (last business day of the preceding month) less 5 calendar days. NOT CORROBORATED: broker/blog figures for the pre-FND migration conflict across 2-10 days",1
GC,GCQ18,2018-05-25T21:00:00Z,2018-07-26T21:00:00Z,2018-08-29,months=GJMQZ ltd=comex_gc_ltd roll_anchor=fnd roll_lead_days=5,"RULE:COMEX gold lists many months; the ACTIVELY traded set used here is G/J/M/Q/Z (Feb/Apr/Jun/Aug/Dec), CME's own TAS-eligible active months. DISPUTED: several third-party sources add October (V) to the active set; unresolved, and a missing active month shows up as a longer front-month interval, never as a gap. LTD = the 3rd-last business day of the delivery month; roll anchored on First Notice Day (last business day of the preceding month) less 5 calendar days. NOT CORROBORATED: broker/blog figures for the pre-FND migration conflict across 2-10 days",1
GC,GCZ18,2018-07-26T21:00:00Z,2018-11-23T18:45:00Z,2018-12-27,months=GJMQZ ltd=comex_gc_ltd roll_anchor=fnd roll_lead_days=5,"RULE:COMEX gold lists many months; the ACTIVELY traded set used here is G/J/M/Q/Z (Feb/Apr/Jun/Aug/Dec), CME's own TAS-eligible active months. DISPUTED: several third-party sources add October (V) to the active set; unresolved, and a missing active month shows up as a longer front-month interval, never as a gap. LTD = the 3rd-last business day of the delivery month; roll anchored on First Notice Day (last business day of the preceding month) less 5 calendar days. NOT CORROBORATED: broker/blog figures for the pre-FND migration conflict across 2-10 days",1
GC,GCG19,2018-11-23T18:45:00Z,2019-01-25T22:00:00Z,2019-02-26,months=GJMQZ ltd=comex_gc_ltd roll_anchor=fnd roll_lead_days=5,"RULE:COMEX gold lists many months; the ACTIVELY traded set used here is G/J/M/Q/Z (Feb/Apr/Jun/Aug/Dec), CME's own TAS-eligible active months. DISPUTED: several third-party sources add October (V) to the active set; unresolved, and a missing active month shows up as a longer front-month interval, never as a gap. LTD = the 3rd-last business day of the delivery month; roll anchored on First Notice Day (last business day of the preceding month) less 5 calendar days. NOT CORROBORATED: broker/blog figures for the pre-FND migration conflict across 2-10 days",1
GC,GCJ19,2019-01-25T22:00:00Z,2019-03-22T21:00:00Z,2019-04-26,months=GJMQZ ltd=comex_gc_ltd roll_anchor=fnd roll_lead_days=5,"RULE:COMEX gold lists many months; the ACTIVELY traded set used here is G/J/M/Q/Z (Feb/Apr/Jun/Aug/Dec), CME's own TAS-eligible active months. DISPUTED: several third-party sources add October (V) to the active set; unresolved, and a missing active month shows up as a longer front-month interval, never as a gap. LTD = the 3rd-last business day of the delivery month; roll anchored on First Notice Day (last business day of the preceding month) less 5 calendar days. NOT CORROBORATED: broker/blog figures for the pre-FND migration conflict across 2-10 days",1
GC,GCM19,2019-03-22T21:00:00Z,2019-05-24T21:00:00Z,2019-06-26,months=GJMQZ ltd=comex_gc_ltd roll_anchor=fnd roll_lead_days=5,"RULE:COMEX gold lists many months; the ACTIVELY traded set used here is G/J/M/Q/Z (Feb/Apr/Jun/Aug/Dec), CME's own TAS-eligible active months. DISPUTED: several third-party sources add October (V) to the active set; unresolved, and a missing active month shows up as a longer front-month interval, never as a gap. LTD = the 3rd-last business day of the delivery month; roll anchored on First Notice Day (last business day of the preceding month) less 5 calendar days. NOT CORROBORATED: broker/blog figures for the pre-FND migration conflict across 2-10 days",1
GC,GCQ19,2019-05-24T21:00:00Z,2019-07-26T21:00:00Z,2019-08-28,months=GJMQZ ltd=comex_gc_ltd roll_anchor=fnd roll_lead_days=5,"RULE:COMEX gold lists many months; the ACTIVELY traded set used here is G/J/M/Q/Z (Feb/Apr/Jun/Aug/Dec), CME's own TAS-eligible active months. DISPUTED: several third-party sources add October (V) to the active set; unresolved, and a missing active month shows up as a longer front-month interval, never as a gap. LTD = the 3rd-last business day of the delivery month; roll anchored on First Notice Day (last business day of the preceding month) less 5 calendar days. NOT CORROBORATED: broker/blog figures for the pre-FND migration conflict across 2-10 days",1
GC,GCZ19,2019-07-26T21:00:00Z,2019-11-22T22:00:00Z,2019-12-27,months=GJMQZ ltd=comex_gc_ltd roll_anchor=fnd roll_lead_days=5,"RULE:COMEX gold lists many months; the ACTIVELY traded set used here is G/J/M/Q/Z (Feb/Apr/Jun/Aug/Dec), CME's own TAS-eligible active months. DISPUTED: several third-party sources add October (V) to the active set; unresolved, and a missing active month shows up as a longer front-month interval, never as a gap. LTD = the 3rd-last business day of the delivery month; roll anchored on First Notice Day (last business day of the preceding month) less 5 calendar days. NOT CORROBORATED: broker/blog figures for the pre-FND migration conflict across 2-10 days",1
GC,GCG20,2019-11-22T22:00:00Z,2020-01-24T22:00:00Z,2020-02-26,months=GJMQZ ltd=comex_gc_ltd roll_anchor=fnd roll_lead_days=5,"RULE:COMEX gold lists many months; the ACTIVELY traded set used here is G/J/M/Q/Z (Feb/Apr/Jun/Aug/Dec), CME's own TAS-eligible active months. DISPUTED: several third-party sources add October (V) to the active set; unresolved, and a missing active month shows up as a longer front-month interval, never as a gap. LTD = the 3rd-last business day of the delivery month; roll anchored on First Notice Day (last business day of the preceding month) less 5 calendar days. NOT CORROBORATED: broker/blog figures for the pre-FND migration conflict across 2-10 days",1
GC,GCJ20,2020-01-24T22:00:00Z,2020-03-26T21:00:00Z,2020-04-28,months=GJMQZ ltd=comex_gc_ltd roll_anchor=fnd roll_lead_days=5,"RULE:COMEX gold lists many months; the ACTIVELY traded set used here is G/J/M/Q/Z (Feb/Apr/Jun/Aug/Dec), CME's own TAS-eligible active months. DISPUTED: several third-party sources add October (V) to the active set; unresolved, and a missing active month shows up as a longer front-month interval, never as a gap. LTD = the 3rd-last business day of the delivery month; roll anchored on First Notice Day (last business day of the preceding month) less 5 calendar days. NOT CORROBORATED: broker/blog figures for the pre-FND migration conflict across 2-10 days",1
GC,GCM20,2020-03-26T21:00:00Z,2020-05-22T21:00:00Z,2020-06-26,months=GJMQZ ltd=comex_gc_ltd roll_anchor=fnd roll_lead_days=5,"RULE:COMEX gold lists many months; the ACTIVELY traded set used here is G/J/M/Q/Z (Feb/Apr/Jun/Aug/Dec), CME's own TAS-eligible active months. DISPUTED: several third-party sources add October (V) to the active set; unresolved, and a missing active month shows up as a longer front-month interval, never as a gap. LTD = the 3rd-last business day of the delivery month; roll anchored on First Notice Day (last business day of the preceding month) less 5 calendar days. NOT CORROBORATED: broker/blog figures for the pre-FND migration conflict across 2-10 days",1
GC,GCQ20,2020-05-22T21:00:00Z,2020-07-24T21:00:00Z,2020-08-27,months=GJMQZ ltd=comex_gc_ltd roll_anchor=fnd roll_lead_days=5,"RULE:COMEX gold lists many months; the ACTIVELY traded set used here is G/J/M/Q/Z (Feb/Apr/Jun/Aug/Dec), CME's own TAS-eligible active months. DISPUTED: several third-party sources add October (V) to the active set; unresolved, and a missing active month shows up as a longer front-month interval, never as a gap. LTD = the 3rd-last business day of the delivery month; roll anchored on First Notice Day (last business day of the preceding month) less 5 calendar days. NOT CORROBORATED: broker/blog figures for the pre-FND migration conflict across 2-10 days",1
GC,GCZ20,2020-07-24T21:00:00Z,2020-11-25T22:00:00Z,2020-12-29,months=GJMQZ ltd=comex_gc_ltd roll_anchor=fnd roll_lead_days=5,"RULE:COMEX gold lists many months; the ACTIVELY traded set used here is G/J/M/Q/Z (Feb/Apr/Jun/Aug/Dec), CME's own TAS-eligible active months. DISPUTED: several third-party sources add October (V) to the active set; unresolved, and a missing active month shows up as a longer front-month interval, never as a gap. LTD = the 3rd-last business day of the delivery month; roll anchored on First Notice Day (last business day of the preceding month) less 5 calendar days. NOT CORROBORATED: broker/blog figures for the pre-FND migration conflict across 2-10 days",1
GC,GCG21,2020-11-25T22:00:00Z,2021-01-22T22:00:00Z,2021-02-24,months=GJMQZ ltd=comex_gc_ltd roll_anchor=fnd roll_lead_days=5,"RULE:COMEX gold lists many months; the ACTIVELY traded set used here is G/J/M/Q/Z (Feb/Apr/Jun/Aug/Dec), CME's own TAS-eligible active months. DISPUTED: several third-party sources add October (V) to the active set; unresolved, and a missing active month shows up as a longer front-month interval, never as a gap. LTD = the 3rd-last business day of the delivery month; roll anchored on First Notice Day (last business day of the preceding month) less 5 calendar days. NOT CORROBORATED: broker/blog figures for the pre-FND migration conflict across 2-10 days",1
GC,GCJ21,2021-01-22T22:00:00Z,2021-03-26T21:00:00Z,2021-04-28,months=GJMQZ ltd=comex_gc_ltd roll_anchor=fnd roll_lead_days=5,"RULE:COMEX gold lists many months; the ACTIVELY traded set used here is G/J/M/Q/Z (Feb/Apr/Jun/Aug/Dec), CME's own TAS-eligible active months. DISPUTED: several third-party sources add October (V) to the active set; unresolved, and a missing active month shows up as a longer front-month interval, never as a gap. LTD = the 3rd-last business day of the delivery month; roll anchored on First Notice Day (last business day of the preceding month) less 5 calendar days. NOT CORROBORATED: broker/blog figures for the pre-FND migration conflict across 2-10 days",1
GC,GCM21,2021-03-26T21:00:00Z,2021-05-26T21:00:00Z,2021-06-28,months=GJMQZ ltd=comex_gc_ltd roll_anchor=fnd roll_lead_days=5,"RULE:COMEX gold lists many months; the ACTIVELY traded set used here is G/J/M/Q/Z (Feb/Apr/Jun/Aug/Dec), CME's own TAS-eligible active months. DISPUTED: several third-party sources add October (V) to the active set; unresolved, and a missing active month shows up as a longer front-month interval, never as a gap. LTD = the 3rd-last business day of the delivery month; roll anchored on First Notice Day (last business day of the preceding month) less 5 calendar days. NOT CORROBORATED: broker/blog figures for the pre-FND migration conflict across 2-10 days",1
GC,GCQ21,2021-05-26T21:00:00Z,2021-07-23T21:00:00Z,2021-08-27,months=GJMQZ ltd=comex_gc_ltd roll_anchor=fnd roll_lead_days=5,"RULE:COMEX gold lists many months; the ACTIVELY traded set used here is G/J/M/Q/Z (Feb/Apr/Jun/Aug/Dec), CME's own TAS-eligible active months. DISPUTED: several third-party sources add October (V) to the active set; unresolved, and a missing active month shows up as a longer front-month interval, never as a gap. LTD = the 3rd-last business day of the delivery month; roll anchored on First Notice Day (last business day of the preceding month) less 5 calendar days. NOT CORROBORATED: broker/blog figures for the pre-FND migration conflict across 2-10 days",1
GC,GCZ21,2021-07-23T21:00:00Z,2021-11-25T18:00:00Z,2021-12-29,months=GJMQZ ltd=comex_gc_ltd roll_anchor=fnd roll_lead_days=5,"RULE:COMEX gold lists many months; the ACTIVELY traded set used here is G/J/M/Q/Z (Feb/Apr/Jun/Aug/Dec), CME's own TAS-eligible active months. DISPUTED: several third-party sources add October (V) to the active set; unresolved, and a missing active month shows up as a longer front-month interval, never as a gap. LTD = the 3rd-last business day of the delivery month; roll anchored on First Notice Day (last business day of the preceding month) less 5 calendar days. NOT CORROBORATED: broker/blog figures for the pre-FND migration conflict across 2-10 days",1
GC,GCG22,2021-11-25T18:00:00Z,2022-01-26T22:00:00Z,2022-02-24,months=GJMQZ ltd=comex_gc_ltd roll_anchor=fnd roll_lead_days=5,"RULE:COMEX gold lists many months; the ACTIVELY traded set used here is G/J/M/Q/Z (Feb/Apr/Jun/Aug/Dec), CME's own TAS-eligible active months. DISPUTED: several third-party sources add October (V) to the active set; unresolved, and a missing active month shows up as a longer front-month interval, never as a gap. LTD = the 3rd-last business day of the delivery month; roll anchored on First Notice Day (last business day of the preceding month) less 5 calendar days. NOT CORROBORATED: broker/blog figures for the pre-FND migration conflict across 2-10 days",1
GC,GCJ22,2022-01-26T22:00:00Z,2022-03-25T21:00:00Z,2022-04-27,months=GJMQZ ltd=comex_gc_ltd roll_anchor=fnd roll_lead_days=5,"RULE:COMEX gold lists many months; the ACTIVELY traded set used here is G/J/M/Q/Z (Feb/Apr/Jun/Aug/Dec), CME's own TAS-eligible active months. DISPUTED: several third-party sources add October (V) to the active set; unresolved, and a missing active month shows up as a longer front-month interval, never as a gap. LTD = the 3rd-last business day of the delivery month; roll anchored on First Notice Day (last business day of the preceding month) less 5 calendar days. NOT CORROBORATED: broker/blog figures for the pre-FND migration conflict across 2-10 days",1
GC,GCM22,2022-03-25T21:00:00Z,2022-05-26T21:00:00Z,2022-06-28,months=GJMQZ ltd=comex_gc_ltd roll_anchor=fnd roll_lead_days=5,"RULE:COMEX gold lists many months; the ACTIVELY traded set used here is G/J/M/Q/Z (Feb/Apr/Jun/Aug/Dec), CME's own TAS-eligible active months. DISPUTED: several third-party sources add October (V) to the active set; unresolved, and a missing active month shows up as a longer front-month interval, never as a gap. LTD = the 3rd-last business day of the delivery month; roll anchored on First Notice Day (last business day of the preceding month) less 5 calendar days. NOT CORROBORATED: broker/blog figures for the pre-FND migration conflict across 2-10 days",1
GC,GCQ22,2022-05-26T21:00:00Z,2022-07-22T21:00:00Z,2022-08-29,months=GJMQZ ltd=comex_gc_ltd roll_anchor=fnd roll_lead_days=5,"RULE:COMEX gold lists many months; the ACTIVELY traded set used here is G/J/M/Q/Z (Feb/Apr/Jun/Aug/Dec), CME's own TAS-eligible active months. DISPUTED: several third-party sources add October (V) to the active set; unresolved, and a missing active month shows up as a longer front-month interval, never as a gap. LTD = the 3rd-last business day of the delivery month; roll anchored on First Notice Day (last business day of the preceding month) less 5 calendar days. NOT CORROBORATED: broker/blog figures for the pre-FND migration conflict across 2-10 days",1
GC,GCZ22,2022-07-22T21:00:00Z,2022-11-25T18:45:00Z,2022-12-28,months=GJMQZ ltd=comex_gc_ltd roll_anchor=fnd roll_lead_days=5,"RULE:COMEX gold lists many months; the ACTIVELY traded set used here is G/J/M/Q/Z (Feb/Apr/Jun/Aug/Dec), CME's own TAS-eligible active months. DISPUTED: several third-party sources add October (V) to the active set; unresolved, and a missing active month shows up as a longer front-month interval, never as a gap. LTD = the 3rd-last business day of the delivery month; roll anchored on First Notice Day (last business day of the preceding month) less 5 calendar days. NOT CORROBORATED: broker/blog figures for the pre-FND migration conflict across 2-10 days",1
GC,GCG23,2022-11-25T18:45:00Z,2023-01-26T22:00:00Z,2023-02-24,months=GJMQZ ltd=comex_gc_ltd roll_anchor=fnd roll_lead_days=5,"RULE:COMEX gold lists many months; the ACTIVELY traded set used here is G/J/M/Q/Z (Feb/Apr/Jun/Aug/Dec), CME's own TAS-eligible active months. DISPUTED: several third-party sources add October (V) to the active set; unresolved, and a missing active month shows up as a longer front-month interval, never as a gap. LTD = the 3rd-last business day of the delivery month; roll anchored on First Notice Day (last business day of the preceding month) less 5 calendar days. NOT CORROBORATED: broker/blog figures for the pre-FND migration conflict across 2-10 days",1
GC,GCJ23,2023-01-26T22:00:00Z,2023-03-24T21:00:00Z,2023-04-26,months=GJMQZ ltd=comex_gc_ltd roll_anchor=fnd roll_lead_days=5,"RULE:COMEX gold lists many months; the ACTIVELY traded set used here is G/J/M/Q/Z (Feb/Apr/Jun/Aug/Dec), CME's own TAS-eligible active months. DISPUTED: several third-party sources add October (V) to the active set; unresolved, and a missing active month shows up as a longer front-month interval, never as a gap. LTD = the 3rd-last business day of the delivery month; roll anchored on First Notice Day (last business day of the preceding month) less 5 calendar days. NOT CORROBORATED: broker/blog figures for the pre-FND migration conflict across 2-10 days",1
GC,GCM23,2023-03-24T21:00:00Z,2023-05-26T21:00:00Z,2023-06-28,months=GJMQZ ltd=comex_gc_ltd roll_anchor=fnd roll_lead_days=5,"RULE:COMEX gold lists many months; the ACTIVELY traded set used here is G/J/M/Q/Z (Feb/Apr/Jun/Aug/Dec), CME's own TAS-eligible active months. DISPUTED: several third-party sources add October (V) to the active set; unresolved, and a missing active month shows up as a longer front-month interval, never as a gap. LTD = the 3rd-last business day of the delivery month; roll anchored on First Notice Day (last business day of the preceding month) less 5 calendar days. NOT CORROBORATED: broker/blog figures for the pre-FND migration conflict across 2-10 days",1
GC,GCQ23,2023-05-26T21:00:00Z,2023-07-26T21:00:00Z,2023-08-29,months=GJMQZ ltd=comex_gc_ltd roll_anchor=fnd roll_lead_days=5,"RULE:COMEX gold lists many months; the ACTIVELY traded set used here is G/J/M/Q/Z (Feb/Apr/Jun/Aug/Dec), CME's own TAS-eligible active months. DISPUTED: several third-party sources add October (V) to the active set; unresolved, and a missing active month shows up as a longer front-month interval, never as a gap. LTD = the 3rd-last business day of the delivery month; roll anchored on First Notice Day (last business day of the preceding month) less 5 calendar days. NOT CORROBORATED: broker/blog figures for the pre-FND migration conflict across 2-10 days",1
GC,GCZ23,2023-07-26T21:00:00Z,2023-11-24T18:45:00Z,2023-12-27,months=GJMQZ ltd=comex_gc_ltd roll_anchor=fnd roll_lead_days=5,"RULE:COMEX gold lists many months; the ACTIVELY traded set used here is G/J/M/Q/Z (Feb/Apr/Jun/Aug/Dec), CME's own TAS-eligible active months. DISPUTED: several third-party sources add October (V) to the active set; unresolved, and a missing active month shows up as a longer front-month interval, never as a gap. LTD = the 3rd-last business day of the delivery month; roll anchored on First Notice Day (last business day of the preceding month) less 5 calendar days. NOT CORROBORATED: broker/blog figures for the pre-FND migration conflict across 2-10 days",1
GC,GCG24,2023-11-24T18:45:00Z,2024-01-26T22:00:00Z,2024-02-27,months=GJMQZ ltd=comex_gc_ltd roll_anchor=fnd roll_lead_days=5,"RULE:COMEX gold lists many months; the ACTIVELY traded set used here is G/J/M/Q/Z (Feb/Apr/Jun/Aug/Dec), CME's own TAS-eligible active months. DISPUTED: several third-party sources add October (V) to the active set; unresolved, and a missing active month shows up as a longer front-month interval, never as a gap. LTD = the 3rd-last business day of the delivery month; roll anchored on First Notice Day (last business day of the preceding month) less 5 calendar days. NOT CORROBORATED: broker/blog figures for the pre-FND migration conflict across 2-10 days",1
GC,GCJ24,2024-01-26T22:00:00Z,2024-03-22T21:00:00Z,2024-04-26,months=GJMQZ ltd=comex_gc_ltd roll_anchor=fnd roll_lead_days=5,"RULE:COMEX gold lists many months; the ACTIVELY traded set used here is G/J/M/Q/Z (Feb/Apr/Jun/Aug/Dec), CME's own TAS-eligible active months. DISPUTED: several third-party sources add October (V) to the active set; unresolved, and a missing active month shows up as a longer front-month interval, never as a gap. LTD = the 3rd-last business day of the delivery month; roll anchored on First Notice Day (last business day of the preceding month) less 5 calendar days. NOT CORROBORATED: broker/blog figures for the pre-FND migration conflict across 2-10 days",1
GC,GCM24,2024-03-22T21:00:00Z,2024-05-24T21:00:00Z,2024-06-26,months=GJMQZ ltd=comex_gc_ltd roll_anchor=fnd roll_lead_days=5,"RULE:COMEX gold lists many months; the ACTIVELY traded set used here is G/J/M/Q/Z (Feb/Apr/Jun/Aug/Dec), CME's own TAS-eligible active months. DISPUTED: several third-party sources add October (V) to the active set; unresolved, and a missing active month shows up as a longer front-month interval, never as a gap. LTD = the 3rd-last business day of the delivery month; roll anchored on First Notice Day (last business day of the preceding month) less 5 calendar days. NOT CORROBORATED: broker/blog figures for the pre-FND migration conflict across 2-10 days",1
GC,GCQ24,2024-05-24T21:00:00Z,2024-07-26T21:00:00Z,2024-08-28,months=GJMQZ ltd=comex_gc_ltd roll_anchor=fnd roll_lead_days=5,"RULE:COMEX gold lists many months; the ACTIVELY traded set used here is G/J/M/Q/Z (Feb/Apr/Jun/Aug/Dec), CME's own TAS-eligible active months. DISPUTED: several third-party sources add October (V) to the active set; unresolved, and a missing active month shows up as a longer front-month interval, never as a gap. LTD = the 3rd-last business day of the delivery month; roll anchored on First Notice Day (last business day of the preceding month) less 5 calendar days. NOT CORROBORATED: broker/blog figures for the pre-FND migration conflict across 2-10 days",1
GC,GCZ24,2024-07-26T21:00:00Z,2024-11-22T22:00:00Z,2024-12-27,months=GJMQZ ltd=comex_gc_ltd roll_anchor=fnd roll_lead_days=5,"RULE:COMEX gold lists many months; the ACTIVELY traded set used here is G/J/M/Q/Z (Feb/Apr/Jun/Aug/Dec), CME's own TAS-eligible active months. DISPUTED: several third-party sources add October (V) to the active set; unresolved, and a missing active month shows up as a longer front-month interval, never as a gap. LTD = the 3rd-last business day of the delivery month; roll anchored on First Notice Day (last business day of the preceding month) less 5 calendar days. NOT CORROBORATED: broker/blog figures for the pre-FND migration conflict across 2-10 days",1
GC,GCG25,2024-11-22T22:00:00Z,2025-01-24T22:00:00Z,2025-02-26,months=GJMQZ ltd=comex_gc_ltd roll_anchor=fnd roll_lead_days=5,"RULE:COMEX gold lists many months; the ACTIVELY traded set used here is G/J/M/Q/Z (Feb/Apr/Jun/Aug/Dec), CME's own TAS-eligible active months. DISPUTED: several third-party sources add October (V) to the active set; unresolved, and a missing active month shows up as a longer front-month interval, never as a gap. LTD = the 3rd-last business day of the delivery month; roll anchored on First Notice Day (last business day of the preceding month) less 5 calendar days. NOT CORROBORATED: broker/blog figures for the pre-FND migration conflict across 2-10 days",1
GC,GCJ25,2025-01-24T22:00:00Z,2025-03-26T21:00:00Z,2025-04-28,months=GJMQZ ltd=comex_gc_ltd roll_anchor=fnd roll_lead_days=5,"RULE:COMEX gold lists many months; the ACTIVELY traded set used here is G/J/M/Q/Z (Feb/Apr/Jun/Aug/Dec), CME's own TAS-eligible active months. DISPUTED: several third-party sources add October (V) to the active set; unresolved, and a missing active month shows up as a longer front-month interval, never as a gap. LTD = the 3rd-last business day of the delivery month; roll anchored on First Notice Day (last business day of the preceding month) less 5 calendar days. NOT CORROBORATED: broker/blog figures for the pre-FND migration conflict across 2-10 days",1
GC,GCM25,2025-03-26T21:00:00Z,2025-05-23T21:00:00Z,2025-06-26,months=GJMQZ ltd=comex_gc_ltd roll_anchor=fnd roll_lead_days=5,"RULE:COMEX gold lists many months; the ACTIVELY traded set used here is G/J/M/Q/Z (Feb/Apr/Jun/Aug/Dec), CME's own TAS-eligible active months. DISPUTED: several third-party sources add October (V) to the active set; unresolved, and a missing active month shows up as a longer front-month interval, never as a gap. LTD = the 3rd-last business day of the delivery month; roll anchored on First Notice Day (last business day of the preceding month) less 5 calendar days. NOT CORROBORATED: broker/blog figures for the pre-FND migration conflict across 2-10 days",1
GC,GCQ25,2025-05-23T21:00:00Z,2025-07-25T21:00:00Z,2025-08-27,months=GJMQZ ltd=comex_gc_ltd roll_anchor=fnd roll_lead_days=5,"RULE:COMEX gold lists many months; the ACTIVELY traded set used here is G/J/M/Q/Z (Feb/Apr/Jun/Aug/Dec), CME's own TAS-eligible active months. DISPUTED: several third-party sources add October (V) to the active set; unresolved, and a missing active month shows up as a longer front-month interval, never as a gap. LTD = the 3rd-last business day of the delivery month; roll anchored on First Notice Day (last business day of the preceding month) less 5 calendar days. NOT CORROBORATED: broker/blog figures for the pre-FND migration conflict across 2-10 days",1
GC,GCZ25,2025-07-25T21:00:00Z,2025-11-21T22:00:00Z,2025-12-29,months=GJMQZ ltd=comex_gc_ltd roll_anchor=fnd roll_lead_days=5,"RULE:COMEX gold lists many months; the ACTIVELY traded set used here is G/J/M/Q/Z (Feb/Apr/Jun/Aug/Dec), CME's own TAS-eligible active months. DISPUTED: several third-party sources add October (V) to the active set; unresolved, and a missing active month shows up as a longer front-month interval, never as a gap. LTD = the 3rd-last business day of the delivery month; roll anchored on First Notice Day (last business day of the preceding month) less 5 calendar days. NOT CORROBORATED: broker/blog figures for the pre-FND migration conflict across 2-10 days",1
GC,GCG26,2025-11-21T22:00:00Z,2026-01-23T22:00:00Z,2026-02-25,months=GJMQZ ltd=comex_gc_ltd roll_anchor=fnd roll_lead_days=5,"RULE:COMEX gold lists many months; the ACTIVELY traded set used here is G/J/M/Q/Z (Feb/Apr/Jun/Aug/Dec), CME's own TAS-eligible active months. DISPUTED: several third-party sources add October (V) to the active set; unresolved, and a missing active month shows up as a longer front-month interval, never as a gap. LTD = the 3rd-last business day of the delivery month; roll anchored on First Notice Day (last business day of the preceding month) less 5 calendar days. NOT CORROBORATED: broker/blog figures for the pre-FND migration conflict across 2-10 days",1
GC,GCJ26,2026-01-23T22:00:00Z,2026-03-26T21:00:00Z,2026-04-28,months=GJMQZ ltd=comex_gc_ltd roll_anchor=fnd roll_lead_days=5,"RULE:COMEX gold lists many months; the ACTIVELY traded set used here is G/J/M/Q/Z (Feb/Apr/Jun/Aug/Dec), CME's own TAS-eligible active months. DISPUTED: several third-party sources add October (V) to the active set; unresolved, and a missing active month shows up as a longer front-month interval, never as a gap. LTD = the 3rd-last business day of the delivery month; roll anchored on First Notice Day (last business day of the preceding month) less 5 calendar days. NOT CORROBORATED: broker/blog figures for the pre-FND migration conflict across 2-10 days",1
GC,GCM26,2026-03-26T21:00:00Z,2026-05-22T21:00:00Z,2026-06-26,months=GJMQZ ltd=comex_gc_ltd roll_anchor=fnd roll_lead_days=5,"RULE:COMEX gold lists many months; the ACTIVELY traded set used here is G/J/M/Q/Z (Feb/Apr/Jun/Aug/Dec), CME's own TAS-eligible active months. DISPUTED: several third-party sources add October (V) to the active set; unresolved, and a missing active month shows up as a longer front-month interval, never as a gap. LTD = the 3rd-last business day of the delivery month; roll anchored on First Notice Day (last business day of the preceding month) less 5 calendar days. NOT CORROBORATED: broker/blog figures for the pre-FND migration conflict across 2-10 days",1
GC,GCQ26,2026-05-22T21:00:00Z,2026-07-24T21:00:00Z,2026-08-27,months=GJMQZ ltd=comex_gc_ltd roll_anchor=fnd roll_lead_days=5,"RULE:COMEX gold lists many months; the ACTIVELY traded set used here is G/J/M/Q/Z (Feb/Apr/Jun/Aug/Dec), CME's own TAS-eligible active months. DISPUTED: several third-party sources add October (V) to the active set; unresolved, and a missing active month shows up as a longer front-month interval, never as a gap. LTD = the 3rd-last business day of the delivery month; roll anchored on First Notice Day (last business day of the preceding month) less 5 calendar days. NOT CORROBORATED: broker/blog figures for the pre-FND migration conflict across 2-10 days",1
GC,GCZ26,2026-07-24T21:00:00Z,2026-11-25T22:00:00Z,2026-12-29,months=GJMQZ ltd=comex_gc_ltd roll_anchor=fnd roll_lead_days=5,"RULE:COMEX gold lists many months; the ACTIVELY traded set used here is G/J/M/Q/Z (Feb/Apr/Jun/Aug/Dec), CME's own TAS-eligible active months. DISPUTED: several third-party sources add October (V) to the active set; unresolved, and a missing active month shows up as a longer front-month interval, never as a gap. LTD = the 3rd-last business day of the delivery month; roll anchored on First Notice Day (last business day of the preceding month) less 5 calendar days. NOT CORROBORATED: broker/blog figures for the pre-FND migration conflict across 2-10 days",1
GC,GCG27,2026-11-25T22:00:00Z,2027-01-22T22:00:00Z,2027-02-24,months=GJMQZ ltd=comex_gc_ltd roll_anchor=fnd roll_lead_days=5,"RULE:COMEX gold lists many months; the ACTIVELY traded set used here is G/J/M/Q/Z (Feb/Apr/Jun/Aug/Dec), CME's own TAS-eligible active months. DISPUTED: several third-party sources add October (V) to the active set; unresolved, and a missing active month shows up as a longer front-month interval, never as a gap. LTD = the 3rd-last business day of the delivery month; roll anchored on First Notice Day (last business day of the preceding month) less 5 calendar days. NOT CORROBORATED: broker/blog figures for the pre-FND migration conflict across 2-10 days",1
GC,GCJ27,2027-01-22T22:00:00Z,2027-03-25T21:00:00Z,2027-04-28,months=GJMQZ ltd=comex_gc_ltd roll_anchor=fnd roll_lead_days=5,"RULE:COMEX gold lists many months; the ACTIVELY traded set used here is G/J/M/Q/Z (Feb/Apr/Jun/Aug/Dec), CME's own TAS-eligible active months. DISPUTED: several third-party sources add October (V) to the active set; unresolved, and a missing active month shows up as a longer front-month interval, never as a gap. LTD = the 3rd-last business day of the delivery month; roll anchored on First Notice Day (last business day of the preceding month) less 5 calendar days. NOT CORROBORATED: broker/blog figures for the pre-FND migration conflict across 2-10 days",1
GC,GCM27,2027-03-25T21:00:00Z,2027-05-26T21:00:00Z,2027-06-28,months=GJMQZ ltd=comex_gc_ltd roll_anchor=fnd roll_lead_days=5,"RULE:COMEX gold lists many months; the ACTIVELY traded set used here is G/J/M/Q/Z (Feb/Apr/Jun/Aug/Dec), CME's own TAS-eligible active months. DISPUTED: several third-party sources add October (V) to the active set; unresolved, and a missing active month shows up as a longer front-month interval, never as a gap. LTD = the 3rd-last business day of the delivery month; roll anchored on First Notice Day (last business day of the preceding month) less 5 calendar days. NOT CORROBORATED: broker/blog figures for the pre-FND migration conflict across 2-10 days",1
GC,GCQ27,2027-05-26T21:00:00Z,2027-07-23T21:00:00Z,2027-08-27,months=GJMQZ ltd=comex_gc_ltd roll_anchor=fnd roll_lead_days=5,"RULE:COMEX gold lists many months; the ACTIVELY traded set used here is G/J/M/Q/Z (Feb/Apr/Jun/Aug/Dec), CME's own TAS-eligible active months. DISPUTED: several third-party sources add October (V) to the active set; unresolved, and a missing active month shows up as a longer front-month interval, never as a gap. LTD = the 3rd-last business day of the delivery month; roll anchored on First Notice Day (last business day of the preceding month) less 5 calendar days. NOT CORROBORATED: broker/blog figures for the pre-FND migration conflict across 2-10 days",1
GC,GCZ27,2027-07-23T21:00:00Z,2027-11-25T19:30:00Z,2027-12-29,months=GJMQZ ltd=comex_gc_ltd roll_anchor=fnd roll_lead_days=5,"RULE:COMEX gold lists many months; the ACTIVELY traded set used here is G/J/M/Q/Z (Feb/Apr/Jun/Aug/Dec), CME's own TAS-eligible active months. DISPUTED: several third-party sources add October (V) to the active set; unresolved, and a missing active month shows up as a longer front-month interval, never as a gap. LTD = the 3rd-last business day of the delivery month; roll anchored on First Notice Day (last business day of the preceding month) less 5 calendar days. NOT CORROBORATED: broker/blog figures for the pre-FND migration conflict across 2-10 days",1
GC,GCG28,2027-11-25T19:30:00Z,2028-01-26T22:00:00Z,2028-02-25,months=GJMQZ ltd=comex_gc_ltd roll_anchor=fnd roll_lead_days=5,"RULE:COMEX gold lists many months; the ACTIVELY traded set used here is G/J/M/Q/Z (Feb/Apr/Jun/Aug/Dec), CME's own TAS-eligible active months. DISPUTED: several third-party sources add October (V) to the active set; unresolved, and a missing active month shows up as a longer front-month interval, never as a gap. LTD = the 3rd-last business day of the delivery month; roll anchored on First Notice Day (last business day of the preceding month) less 5 calendar days. NOT CORROBORATED: broker/blog figures for the pre-FND migration conflict across 2-10 days",1
GC,GCJ28,2028-01-26T22:00:00Z,2028-03-24T21:00:00Z,2028-04-26,months=GJMQZ ltd=comex_gc_ltd roll_anchor=fnd roll_lead_days=5,"RULE:COMEX gold lists many months; the ACTIVELY traded set used here is G/J/M/Q/Z (Feb/Apr/Jun/Aug/Dec), CME's own TAS-eligible active months. DISPUTED: several third-party sources add October (V) to the active set; unresolved, and a missing active month shows up as a longer front-month interval, never as a gap. LTD = the 3rd-last business day of the delivery month; roll anchored on First Notice Day (last business day of the preceding month) less 5 calendar days. NOT CORROBORATED: broker/blog figures for the pre-FND migration conflict across 2-10 days",1
GC,GCM28,2028-03-24T21:00:00Z,2028-05-26T21:00:00Z,2028-06-28,months=GJMQZ ltd=comex_gc_ltd roll_anchor=fnd roll_lead_days=5,"RULE:COMEX gold lists many months; the ACTIVELY traded set used here is G/J/M/Q/Z (Feb/Apr/Jun/Aug/Dec), CME's own TAS-eligible active months. DISPUTED: several third-party sources add October (V) to the active set; unresolved, and a missing active month shows up as a longer front-month interval, never as a gap. LTD = the 3rd-last business day of the delivery month; roll anchored on First Notice Day (last business day of the preceding month) less 5 calendar days. NOT CORROBORATED: broker/blog figures for the pre-FND migration conflict across 2-10 days",1
GC,GCQ28,2028-05-26T21:00:00Z,2028-07-26T21:00:00Z,2028-08-29,months=GJMQZ ltd=comex_gc_ltd roll_anchor=fnd roll_lead_days=5,"RULE:COMEX gold lists many months; the ACTIVELY traded set used here is G/J/M/Q/Z (Feb/Apr/Jun/Aug/Dec), CME's own TAS-eligible active months. DISPUTED: several third-party sources add October (V) to the active set; unresolved, and a missing active month shows up as a longer front-month interval, never as a gap. LTD = the 3rd-last business day of the delivery month; roll anchored on First Notice Day (last business day of the preceding month) less 5 calendar days. NOT CORROBORATED: broker/blog figures for the pre-FND migration conflict across 2-10 days",1
GC,GCZ28,2028-07-26T21:00:00Z,2028-11-24T18:45:00Z,2028-12-27,months=GJMQZ ltd=comex_gc_ltd roll_anchor=fnd roll_lead_days=5,"RULE:COMEX gold lists many months; the ACTIVELY traded set used here is G/J/M/Q/Z (Feb/Apr/Jun/Aug/Dec), CME's own TAS-eligible active months. DISPUTED: several third-party sources add October (V) to the active set; unresolved, and a missing active month shows up as a longer front-month interval, never as a gap. LTD = the 3rd-last business day of the delivery month; roll anchored on First Notice Day (last business day of the preceding month) less 5 calendar days. NOT CORROBORATED: broker/blog figures for the pre-FND migration conflict across 2-10 days",1
GC,GCG29,2028-11-24T18:45:00Z,2029-01-26T22:00:00Z,2029-02-26,months=GJMQZ ltd=comex_gc_ltd roll_anchor=fnd roll_lead_days=5,"RULE:COMEX gold lists many months; the ACTIVELY traded set used here is G/J/M/Q/Z (Feb/Apr/Jun/Aug/Dec), CME's own TAS-eligible active months. DISPUTED: several third-party sources add October (V) to the active set; unresolved, and a missing active month shows up as a longer front-month interval, never as a gap. LTD = the 3rd-last business day of the delivery month; roll anchored on First Notice Day (last business day of the preceding month) less 5 calendar days. NOT CORROBORATED: broker/blog figures for the pre-FND migration conflict across 2-10 days",1
GC,GCJ29,2029-01-26T22:00:00Z,2029-03-23T21:00:00Z,2029-04-26,months=GJMQZ ltd=comex_gc_ltd roll_anchor=fnd roll_lead_days=5,"RULE:COMEX gold lists many months; the ACTIVELY traded set used here is G/J/M/Q/Z (Feb/Apr/Jun/Aug/Dec), CME's own TAS-eligible active months. DISPUTED: several third-party sources add October (V) to the active set; unresolved, and a missing active month shows up as a longer front-month interval, never as a gap. LTD = the 3rd-last business day of the delivery month; roll anchored on First Notice Day (last business day of the preceding month) less 5 calendar days. NOT CORROBORATED: broker/blog figures for the pre-FND migration conflict across 2-10 days",1
GC,GCM29,2029-03-23T21:00:00Z,2029-05-25T21:00:00Z,2029-06-27,months=GJMQZ ltd=comex_gc_ltd roll_anchor=fnd roll_lead_days=5,"RULE:COMEX gold lists many months; the ACTIVELY traded set used here is G/J/M/Q/Z (Feb/Apr/Jun/Aug/Dec), CME's own TAS-eligible active months. DISPUTED: several third-party sources add October (V) to the active set; unresolved, and a missing active month shows up as a longer front-month interval, never as a gap. LTD = the 3rd-last business day of the delivery month; roll anchored on First Notice Day (last business day of the preceding month) less 5 calendar days. NOT CORROBORATED: broker/blog figures for the pre-FND migration conflict across 2-10 days",1
GC,GCQ29,2029-05-25T21:00:00Z,2029-07-26T21:00:00Z,2029-08-29,months=GJMQZ ltd=comex_gc_ltd roll_anchor=fnd roll_lead_days=5,"RULE:COMEX gold lists many months; the ACTIVELY traded set used here is G/J/M/Q/Z (Feb/Apr/Jun/Aug/Dec), CME's own TAS-eligible active months. DISPUTED: several third-party sources add October (V) to the active set; unresolved, and a missing active month shows up as a longer front-month interval, never as a gap. LTD = the 3rd-last business day of the delivery month; roll anchored on First Notice Day (last business day of the preceding month) less 5 calendar days. NOT CORROBORATED: broker/blog figures for the pre-FND migration conflict across 2-10 days",1
GC,GCZ29,2029-07-26T21:00:00Z,2029-11-23T18:45:00Z,2029-12-27,months=GJMQZ ltd=comex_gc_ltd roll_anchor=fnd roll_lead_days=5,"RULE:COMEX gold lists many months; the ACTIVELY traded set used here is G/J/M/Q/Z (Feb/Apr/Jun/Aug/Dec), CME's own TAS-eligible active months. DISPUTED: several third-party sources add October (V) to the active set; unresolved, and a missing active month shows up as a longer front-month interval, never as a gap. LTD = the 3rd-last business day of the delivery month; roll anchored on First Notice Day (last business day of the preceding month) less 5 calendar days. NOT CORROBORATED: broker/blog figures for the pre-FND migration conflict across 2-10 days",1
GC,GCG30,2029-11-23T18:45:00Z,2030-01-25T22:00:00Z,2030-02-26,months=GJMQZ ltd=comex_gc_ltd roll_anchor=fnd roll_lead_days=5,"RULE:COMEX gold lists many months; the ACTIVELY traded set used here is G/J/M/Q/Z (Feb/Apr/Jun/Aug/Dec), CME's own TAS-eligible active months. DISPUTED: several third-party sources add October (V) to the active set; unresolved, and a missing active month shows up as a longer front-month interval, never as a gap. LTD = the 3rd-last business day of the delivery month; roll anchored on First Notice Day (last business day of the preceding month) less 5 calendar days. NOT CORROBORATED: broker/blog figures for the pre-FND migration conflict across 2-10 days",1
GC,GCJ30,2030-01-25T22:00:00Z,2030-03-22T21:00:00Z,2030-04-26,months=GJMQZ ltd=comex_gc_ltd roll_anchor=fnd roll_lead_days=5,"RULE:COMEX gold lists many months; the ACTIVELY traded set used here is G/J/M/Q/Z (Feb/Apr/Jun/Aug/Dec), CME's own TAS-eligible active months. DISPUTED: several third-party sources add October (V) to the active set; unresolved, and a missing active month shows up as a longer front-month interval, never as a gap. LTD = the 3rd-last business day of the delivery month; roll anchored on First Notice Day (last business day of the preceding month) less 5 calendar days. NOT CORROBORATED: broker/blog figures for the pre-FND migration conflict across 2-10 days",1
GC,GCM30,2030-03-22T21:00:00Z,2030-05-24T21:00:00Z,2030-06-26,months=GJMQZ ltd=comex_gc_ltd roll_anchor=fnd roll_lead_days=5,"RULE:COMEX gold lists many months; the ACTIVELY traded set used here is G/J/M/Q/Z (Feb/Apr/Jun/Aug/Dec), CME's own TAS-eligible active months. DISPUTED: several third-party sources add October (V) to the active set; unresolved, and a missing active month shows up as a longer front-month interval, never as a gap. LTD = the 3rd-last business day of the delivery month; roll anchored on First Notice Day (last business day of the preceding month) less 5 calendar days. NOT CORROBORATED: broker/blog figures for the pre-FND migration conflict across 2-10 days",1
GC,GCQ30,2030-05-24T21:00:00Z,2030-07-26T21:00:00Z,2030-08-28,months=GJMQZ ltd=comex_gc_ltd roll_anchor=fnd roll_lead_days=5,"RULE:COMEX gold lists many months; the ACTIVELY traded set used here is G/J/M/Q/Z (Feb/Apr/Jun/Aug/Dec), CME's own TAS-eligible active months. DISPUTED: several third-party sources add October (V) to the active set; unresolved, and a missing active month shows up as a longer front-month interval, never as a gap. LTD = the 3rd-last business day of the delivery month; roll anchored on First Notice Day (last business day of the preceding month) less 5 calendar days. NOT CORROBORATED: broker/blog figures for the pre-FND migration conflict across 2-10 days",1
GC,GCZ30,2030-07-26T21:00:00Z,2030-11-22T22:00:00Z,2030-12-27,months=GJMQZ ltd=comex_gc_ltd roll_anchor=fnd roll_lead_days=5,"RULE:COMEX gold lists many months; the ACTIVELY traded set used here is G/J/M/Q/Z (Feb/Apr/Jun/Aug/Dec), CME's own TAS-eligible active months. DISPUTED: several third-party sources add October (V) to the active set; unresolved, and a missing active month shows up as a longer front-month interval, never as a gap. LTD = the 3rd-last business day of the delivery month; roll anchored on First Notice Day (last business day of the preceding month) less 5 calendar days. NOT CORROBORATED: broker/blog figures for the pre-FND migration conflict across 2-10 days",1
NQ,NQM08,2008-03-17T20:15:00Z,2008-06-16T20:15:00Z,2008-06-20,months=HMUZ ltd=third_friday roll_anchor=ltd roll_lead_days=4,"RULE:same cycle, LTD and roll convention as ES (one CME equity-index roll calendar). Carries the same unresolved 4-vs-8 day conflict. Search-extract attribution only, NOT primary source",1
NQ,NQU08,2008-06-16T20:15:00Z,2008-09-15T20:15:00Z,2008-09-19,months=HMUZ ltd=third_friday roll_anchor=ltd roll_lead_days=4,"RULE:same cycle, LTD and roll convention as ES (one CME equity-index roll calendar). Carries the same unresolved 4-vs-8 day conflict. Search-extract attribution only, NOT primary source",1
NQ,NQZ08,2008-09-15T20:15:00Z,2008-12-15T21:15:00Z,2008-12-19,months=HMUZ ltd=third_friday roll_anchor=ltd roll_lead_days=4,"RULE:same cycle, LTD and roll convention as ES (one CME equity-index roll calendar). Carries the same unresolved 4-vs-8 day conflict. Search-extract attribution only, NOT primary source",1
NQ,NQH09,2008-12-15T21:15:00Z,2009-03-16T20:15:00Z,2009-03-20,months=HMUZ ltd=third_friday roll_anchor=ltd roll_lead_days=4,"RULE:same cycle, LTD and roll convention as ES (one CME equity-index roll calendar). Carries the same unresolved 4-vs-8 day conflict. Search-extract attribution only, NOT primary source",1
NQ,NQM09,2009-03-16T20:15:00Z,2009-06-15T20:15:00Z,2009-06-19,months=HMUZ ltd=third_friday roll_anchor=ltd roll_lead_days=4,"RULE:same cycle, LTD and roll convention as ES (one CME equity-index roll calendar). Carries the same unresolved 4-vs-8 day conflict. Search-extract attribution only, NOT primary source",1
NQ,NQU09,2009-06-15T20:15:00Z,2009-09-14T20:15:00Z,2009-09-18,months=HMUZ ltd=third_friday roll_anchor=ltd roll_lead_days=4,"RULE:same cycle, LTD and roll convention as ES (one CME equity-index roll calendar). Carries the same unresolved 4-vs-8 day conflict. Search-extract attribution only, NOT primary source",1
NQ,NQZ09,2009-09-14T20:15:00Z,2009-12-14T21:15:00Z,2009-12-18,months=HMUZ ltd=third_friday roll_anchor=ltd roll_lead_days=4,"RULE:same cycle, LTD and roll convention as ES (one CME equity-index roll calendar). Carries the same unresolved 4-vs-8 day conflict. Search-extract attribution only, NOT primary source",1
NQ,NQH10,2009-12-14T21:15:00Z,2010-03-15T20:15:00Z,2010-03-19,months=HMUZ ltd=third_friday roll_anchor=ltd roll_lead_days=4,"RULE:same cycle, LTD and roll convention as ES (one CME equity-index roll calendar). Carries the same unresolved 4-vs-8 day conflict. Search-extract attribution only, NOT primary source",1
NQ,NQM10,2010-03-15T20:15:00Z,2010-06-14T20:15:00Z,2010-06-18,months=HMUZ ltd=third_friday roll_anchor=ltd roll_lead_days=4,"RULE:same cycle, LTD and roll convention as ES (one CME equity-index roll calendar). Carries the same unresolved 4-vs-8 day conflict. Search-extract attribution only, NOT primary source",1
NQ,NQU10,2010-06-14T20:15:00Z,2010-09-13T20:15:00Z,2010-09-17,months=HMUZ ltd=third_friday roll_anchor=ltd roll_lead_days=4,"RULE:same cycle, LTD and roll convention as ES (one CME equity-index roll calendar). Carries the same unresolved 4-vs-8 day conflict. Search-extract attribution only, NOT primary source",1
NQ,NQZ10,2010-09-13T20:15:00Z,2010-12-13T21:15:00Z,2010-12-17,months=HMUZ ltd=third_friday roll_anchor=ltd roll_lead_days=4,"RULE:same cycle, LTD and roll convention as ES (one CME equity-index roll calendar). Carries the same unresolved 4-vs-8 day conflict. Search-extract attribution only, NOT primary source",1
NQ,NQH11,2010-12-13T21:15:00Z,2011-03-14T20:15:00Z,2011-03-18,months=HMUZ ltd=third_friday roll_anchor=ltd roll_lead_days=4,"RULE:same cycle, LTD and roll convention as ES (one CME equity-index roll calendar). Carries the same unresolved 4-vs-8 day conflict. Search-extract attribution only, NOT primary source",1
NQ,NQM11,2011-03-14T20:15:00Z,2011-06-13T20:15:00Z,2011-06-17,months=HMUZ ltd=third_friday roll_anchor=ltd roll_lead_days=4,"RULE:same cycle, LTD and roll convention as ES (one CME equity-index roll calendar). Carries the same unresolved 4-vs-8 day conflict. Search-extract attribution only, NOT primary source",1
NQ,NQU11,2011-06-13T20:15:00Z,2011-09-12T20:15:00Z,2011-09-16,months=HMUZ ltd=third_friday roll_anchor=ltd roll_lead_days=4,"RULE:same cycle, LTD and roll convention as ES (one CME equity-index roll calendar). Carries the same unresolved 4-vs-8 day conflict. Search-extract attribution only, NOT primary source",1
NQ,NQZ11,2011-09-12T20:15:00Z,2011-12-12T21:15:00Z,2011-12-16,months=HMUZ ltd=third_friday roll_anchor=ltd roll_lead_days=4,"RULE:same cycle, LTD and roll convention as ES (one CME equity-index roll calendar). Carries the same unresolved 4-vs-8 day conflict. Search-extract attribution only, NOT primary source",1
NQ,NQH12,2011-12-12T21:15:00Z,2012-03-12T20:15:00Z,2012-03-16,months=HMUZ ltd=third_friday roll_anchor=ltd roll_lead_days=4,"RULE:same cycle, LTD and roll convention as ES (one CME equity-index roll calendar). Carries the same unresolved 4-vs-8 day conflict. Search-extract attribution only, NOT primary source",1
NQ,NQM12,2012-03-12T20:15:00Z,2012-06-11T20:15:00Z,2012-06-15,months=HMUZ ltd=third_friday roll_anchor=ltd roll_lead_days=4,"RULE:same cycle, LTD and roll convention as ES (one CME equity-index roll calendar). Carries the same unresolved 4-vs-8 day conflict. Search-extract attribution only, NOT primary source",1
NQ,NQU12,2012-06-11T20:15:00Z,2012-09-17T20:15:00Z,2012-09-21,months=HMUZ ltd=third_friday roll_anchor=ltd roll_lead_days=4,"RULE:same cycle, LTD and roll convention as ES (one CME equity-index roll calendar). Carries the same unresolved 4-vs-8 day conflict. Search-extract attribution only, NOT primary source",1
NQ,NQZ12,2012-09-17T20:15:00Z,2012-12-17T22:00:00Z,2012-12-21,months=HMUZ ltd=third_friday roll_anchor=ltd roll_lead_days=4,"RULE:same cycle, LTD and roll convention as ES (one CME equity-index roll calendar). Carries the same unresolved 4-vs-8 day conflict. Search-extract attribution only, NOT primary source",1
NQ,NQH13,2012-12-17T22:00:00Z,2013-03-11T21:00:00Z,2013-03-15,months=HMUZ ltd=third_friday roll_anchor=ltd roll_lead_days=4,"RULE:same cycle, LTD and roll convention as ES (one CME equity-index roll calendar). Carries the same unresolved 4-vs-8 day conflict. Search-extract attribution only, NOT primary source",1
NQ,NQM13,2013-03-11T21:00:00Z,2013-06-17T21:00:00Z,2013-06-21,months=HMUZ ltd=third_friday roll_anchor=ltd roll_lead_days=4,"RULE:same cycle, LTD and roll convention as ES (one CME equity-index roll calendar). Carries the same unresolved 4-vs-8 day conflict. Search-extract attribution only, NOT primary source",1
NQ,NQU13,2013-06-17T21:00:00Z,2013-09-16T21:00:00Z,2013-09-20,months=HMUZ ltd=third_friday roll_anchor=ltd roll_lead_days=4,"RULE:same cycle, LTD and roll convention as ES (one CME equity-index roll calendar). Carries the same unresolved 4-vs-8 day conflict. Search-extract attribution only, NOT primary source",1
NQ,NQZ13,2013-09-16T21:00:00Z,2013-12-16T22:00:00Z,2013-12-20,months=HMUZ ltd=third_friday roll_anchor=ltd roll_lead_days=4,"RULE:same cycle, LTD and roll convention as ES (one CME equity-index roll calendar). Carries the same unresolved 4-vs-8 day conflict. Search-extract attribution only, NOT primary source",1
NQ,NQH14,2013-12-16T22:00:00Z,2014-03-17T21:00:00Z,2014-03-21,months=HMUZ ltd=third_friday roll_anchor=ltd roll_lead_days=4,"RULE:same cycle, LTD and roll convention as ES (one CME equity-index roll calendar). Carries the same unresolved 4-vs-8 day conflict. Search-extract attribution only, NOT primary source",1
NQ,NQM14,2014-03-17T21:00:00Z,2014-06-16T21:00:00Z,2014-06-20,months=HMUZ ltd=third_friday roll_anchor=ltd roll_lead_days=4,"RULE:same cycle, LTD and roll convention as ES (one CME equity-index roll calendar). Carries the same unresolved 4-vs-8 day conflict. Search-extract attribution only, NOT primary source",1
NQ,NQU14,2014-06-16T21:00:00Z,2014-09-15T21:00:00Z,2014-09-19,months=HMUZ ltd=third_friday roll_anchor=ltd roll_lead_days=4,"RULE:same cycle, LTD and roll convention as ES (one CME equity-index roll calendar). Carries the same unresolved 4-vs-8 day conflict. Search-extract attribution only, NOT primary source",1
NQ,NQZ14,2014-09-15T21:00:00Z,2014-12-15T22:00:00Z,2014-12-19,months=HMUZ ltd=third_friday roll_anchor=ltd roll_lead_days=4,"RULE:same cycle, LTD and roll convention as ES (one CME equity-index roll calendar). Carries the same unresolved 4-vs-8 day conflict. Search-extract attribution only, NOT primary source",1
NQ,NQH15,2014-12-15T22:00:00Z,2015-03-16T21:00:00Z,2015-03-20,months=HMUZ ltd=third_friday roll_anchor=ltd roll_lead_days=4,"RULE:same cycle, LTD and roll convention as ES (one CME equity-index roll calendar). Carries the same unresolved 4-vs-8 day conflict. Search-extract attribution only, NOT primary source",1
NQ,NQM15,2015-03-16T21:00:00Z,2015-06-15T21:00:00Z,2015-06-19,months=HMUZ ltd=third_friday roll_anchor=ltd roll_lead_days=4,"RULE:same cycle, LTD and roll convention as ES (one CME equity-index roll calendar). Carries the same unresolved 4-vs-8 day conflict. Search-extract attribution only, NOT primary source",1
NQ,NQU15,2015-06-15T21:00:00Z,2015-09-14T21:00:00Z,2015-09-18,months=HMUZ ltd=third_friday roll_anchor=ltd roll_lead_days=4,"RULE:same cycle, LTD and roll convention as ES (one CME equity-index roll calendar). Carries the same unresolved 4-vs-8 day conflict. Search-extract attribution only, NOT primary source",1
NQ,NQZ15,2015-09-14T21:00:00Z,2015-12-14T22:00:00Z,2015-12-18,months=HMUZ ltd=third_friday roll_anchor=ltd roll_lead_days=4,"RULE:same cycle, LTD and roll convention as ES (one CME equity-index roll calendar). Carries the same unresolved 4-vs-8 day conflict. Search-extract attribution only, NOT primary source",1
NQ,NQH16,2015-12-14T22:00:00Z,2016-03-14T21:00:00Z,2016-03-18,months=HMUZ ltd=third_friday roll_anchor=ltd roll_lead_days=4,"RULE:same cycle, LTD and roll convention as ES (one CME equity-index roll calendar). Carries the same unresolved 4-vs-8 day conflict. Search-extract attribution only, NOT primary source",1
NQ,NQM16,2016-03-14T21:00:00Z,2016-06-13T21:00:00Z,2016-06-17,months=HMUZ ltd=third_friday roll_anchor=ltd roll_lead_days=4,"RULE:same cycle, LTD and roll convention as ES (one CME equity-index roll calendar). Carries the same unresolved 4-vs-8 day conflict. Search-extract attribution only, NOT primary source",1
NQ,NQU16,2016-06-13T21:00:00Z,2016-09-12T21:00:00Z,2016-09-16,months=HMUZ ltd=third_friday roll_anchor=ltd roll_lead_days=4,"RULE:same cycle, LTD and roll convention as ES (one CME equity-index roll calendar). Carries the same unresolved 4-vs-8 day conflict. Search-extract attribution only, NOT primary source",1
NQ,NQZ16,2016-09-12T21:00:00Z,2016-12-12T22:00:00Z,2016-12-16,months=HMUZ ltd=third_friday roll_anchor=ltd roll_lead_days=4,"RULE:same cycle, LTD and roll convention as ES (one CME equity-index roll calendar). Carries the same unresolved 4-vs-8 day conflict. Search-extract attribution only, NOT primary source",1
NQ,NQH17,2016-12-12T22:00:00Z,2017-03-13T21:00:00Z,2017-03-17,months=HMUZ ltd=third_friday roll_anchor=ltd roll_lead_days=4,"RULE:same cycle, LTD and roll convention as ES (one CME equity-index roll calendar). Carries the same unresolved 4-vs-8 day conflict. Search-extract attribution only, NOT primary source",1
NQ,NQM17,2017-03-13T21:00:00Z,2017-06-12T21:00:00Z,2017-06-16,months=HMUZ ltd=third_friday roll_anchor=ltd roll_lead_days=4,"RULE:same cycle, LTD and roll convention as ES (one CME equity-index roll calendar). Carries the same unresolved 4-vs-8 day conflict. Search-extract attribution only, NOT primary source",1
NQ,NQU17,2017-06-12T21:00:00Z,2017-09-11T21:00:00Z,2017-09-15,months=HMUZ ltd=third_friday roll_anchor=ltd roll_lead_days=4,"RULE:same cycle, LTD and roll convention as ES (one CME equity-index roll calendar). Carries the same unresolved 4-vs-8 day conflict. Search-extract attribution only, NOT primary source",1
NQ,NQZ17,2017-09-11T21:00:00Z,2017-12-11T22:00:00Z,2017-12-15,months=HMUZ ltd=third_friday roll_anchor=ltd roll_lead_days=4,"RULE:same cycle, LTD and roll convention as ES (one CME equity-index roll calendar). Carries the same unresolved 4-vs-8 day conflict. Search-extract attribution only, NOT primary source",1
NQ,NQH18,2017-12-11T22:00:00Z,2018-03-12T21:00:00Z,2018-03-16,months=HMUZ ltd=third_friday roll_anchor=ltd roll_lead_days=4,"RULE:same cycle, LTD and roll convention as ES (one CME equity-index roll calendar). Carries the same unresolved 4-vs-8 day conflict. Search-extract attribution only, NOT primary source",1
NQ,NQM18,2018-03-12T21:00:00Z,2018-06-11T21:00:00Z,2018-06-15,months=HMUZ ltd=third_friday roll_anchor=ltd roll_lead_days=4,"RULE:same cycle, LTD and roll convention as ES (one CME equity-index roll calendar). Carries the same unresolved 4-vs-8 day conflict. Search-extract attribution only, NOT primary source",1
NQ,NQU18,2018-06-11T21:00:00Z,2018-09-17T21:00:00Z,2018-09-21,months=HMUZ ltd=third_friday roll_anchor=ltd roll_lead_days=4,"RULE:same cycle, LTD and roll convention as ES (one CME equity-index roll calendar). Carries the same unresolved 4-vs-8 day conflict. Search-extract attribution only, NOT primary source",1
NQ,NQZ18,2018-09-17T21:00:00Z,2018-12-17T22:00:00Z,2018-12-21,months=HMUZ ltd=third_friday roll_anchor=ltd roll_lead_days=4,"RULE:same cycle, LTD and roll convention as ES (one CME equity-index roll calendar). Carries the same unresolved 4-vs-8 day conflict. Search-extract attribution only, NOT primary source",1
NQ,NQH19,2018-12-17T22:00:00Z,2019-03-11T21:00:00Z,2019-03-15,months=HMUZ ltd=third_friday roll_anchor=ltd roll_lead_days=4,"RULE:same cycle, LTD and roll convention as ES (one CME equity-index roll calendar). Carries the same unresolved 4-vs-8 day conflict. Search-extract attribution only, NOT primary source",1
NQ,NQM19,2019-03-11T21:00:00Z,2019-06-17T21:00:00Z,2019-06-21,months=HMUZ ltd=third_friday roll_anchor=ltd roll_lead_days=4,"RULE:same cycle, LTD and roll convention as ES (one CME equity-index roll calendar). Carries the same unresolved 4-vs-8 day conflict. Search-extract attribution only, NOT primary source",1
NQ,NQU19,2019-06-17T21:00:00Z,2019-09-16T21:00:00Z,2019-09-20,months=HMUZ ltd=third_friday roll_anchor=ltd roll_lead_days=4,"RULE:same cycle, LTD and roll convention as ES (one CME equity-index roll calendar). Carries the same unresolved 4-vs-8 day conflict. Search-extract attribution only, NOT primary source",1
NQ,NQZ19,2019-09-16T21:00:00Z,2019-12-16T22:00:00Z,2019-12-20,months=HMUZ ltd=third_friday roll_anchor=ltd roll_lead_days=4,"RULE:same cycle, LTD and roll convention as ES (one CME equity-index roll calendar). Carries the same unresolved 4-vs-8 day conflict. Search-extract attribution only, NOT primary source",1
NQ,NQH20,2019-12-16T22:00:00Z,2020-03-16T21:00:00Z,2020-03-20,months=HMUZ ltd=third_friday roll_anchor=ltd roll_lead_days=4,"RULE:same cycle, LTD and roll convention as ES (one CME equity-index roll calendar). Carries the same unresolved 4-vs-8 day conflict. Search-extract attribution only, NOT primary source",1
NQ,NQM20,2020-03-16T21:00:00Z,2020-06-15T21:00:00Z,2020-06-19,months=HMUZ ltd=third_friday roll_anchor=ltd roll_lead_days=4,"RULE:same cycle, LTD and roll convention as ES (one CME equity-index roll calendar). Carries the same unresolved 4-vs-8 day conflict. Search-extract attribution only, NOT primary source",1
NQ,NQU20,2020-06-15T21:00:00Z,2020-09-14T21:00:00Z,2020-09-18,months=HMUZ ltd=third_friday roll_anchor=ltd roll_lead_days=4,"RULE:same cycle, LTD and roll convention as ES (one CME equity-index roll calendar). Carries the same unresolved 4-vs-8 day conflict. Search-extract attribution only, NOT primary source",1
NQ,NQZ20,2020-09-14T21:00:00Z,2020-12-14T22:00:00Z,2020-12-18,months=HMUZ ltd=third_friday roll_anchor=ltd roll_lead_days=4,"RULE:same cycle, LTD and roll convention as ES (one CME equity-index roll calendar). Carries the same unresolved 4-vs-8 day conflict. Search-extract attribution only, NOT primary source",1
NQ,NQH21,2020-12-14T22:00:00Z,2021-03-15T21:00:00Z,2021-03-19,months=HMUZ ltd=third_friday roll_anchor=ltd roll_lead_days=4,"RULE:same cycle, LTD and roll convention as ES (one CME equity-index roll calendar). Carries the same unresolved 4-vs-8 day conflict. Search-extract attribution only, NOT primary source",1
NQ,NQM21,2021-03-15T21:00:00Z,2021-06-14T21:00:00Z,2021-06-18,months=HMUZ ltd=third_friday roll_anchor=ltd roll_lead_days=4,"RULE:same cycle, LTD and roll convention as ES (one CME equity-index roll calendar). Carries the same unresolved 4-vs-8 day conflict. Search-extract attribution only, NOT primary source",1
NQ,NQU21,2021-06-14T21:00:00Z,2021-09-13T21:00:00Z,2021-09-17,months=HMUZ ltd=third_friday roll_anchor=ltd roll_lead_days=4,"RULE:same cycle, LTD and roll convention as ES (one CME equity-index roll calendar). Carries the same unresolved 4-vs-8 day conflict. Search-extract attribution only, NOT primary source",1
NQ,NQZ21,2021-09-13T21:00:00Z,2021-12-13T22:00:00Z,2021-12-17,months=HMUZ ltd=third_friday roll_anchor=ltd roll_lead_days=4,"RULE:same cycle, LTD and roll convention as ES (one CME equity-index roll calendar). Carries the same unresolved 4-vs-8 day conflict. Search-extract attribution only, NOT primary source",1
NQ,NQH22,2021-12-13T22:00:00Z,2022-03-14T21:00:00Z,2022-03-18,months=HMUZ ltd=third_friday roll_anchor=ltd roll_lead_days=4,"RULE:same cycle, LTD and roll convention as ES (one CME equity-index roll calendar). Carries the same unresolved 4-vs-8 day conflict. Search-extract attribution only, NOT primary source",1
NQ,NQM22,2022-03-14T21:00:00Z,2022-06-13T21:00:00Z,2022-06-17,months=HMUZ ltd=third_friday roll_anchor=ltd roll_lead_days=4,"RULE:same cycle, LTD and roll convention as ES (one CME equity-index roll calendar). Carries the same unresolved 4-vs-8 day conflict. Search-extract attribution only, NOT primary source",1
NQ,NQU22,2022-06-13T21:00:00Z,2022-09-12T21:00:00Z,2022-09-16,months=HMUZ ltd=third_friday roll_anchor=ltd roll_lead_days=4,"RULE:same cycle, LTD and roll convention as ES (one CME equity-index roll calendar). Carries the same unresolved 4-vs-8 day conflict. Search-extract attribution only, NOT primary source",1
NQ,NQZ22,2022-09-12T21:00:00Z,2022-12-12T22:00:00Z,2022-12-16,months=HMUZ ltd=third_friday roll_anchor=ltd roll_lead_days=4,"RULE:same cycle, LTD and roll convention as ES (one CME equity-index roll calendar). Carries the same unresolved 4-vs-8 day conflict. Search-extract attribution only, NOT primary source",1
NQ,NQH23,2022-12-12T22:00:00Z,2023-03-13T21:00:00Z,2023-03-17,months=HMUZ ltd=third_friday roll_anchor=ltd roll_lead_days=4,"RULE:same cycle, LTD and roll convention as ES (one CME equity-index roll calendar). Carries the same unresolved 4-vs-8 day conflict. Search-extract attribution only, NOT primary source",1
NQ,NQM23,2023-03-13T21:00:00Z,2023-06-12T21:00:00Z,2023-06-16,months=HMUZ ltd=third_friday roll_anchor=ltd roll_lead_days=4,"RULE:same cycle, LTD and roll convention as ES (one CME equity-index roll calendar). Carries the same unresolved 4-vs-8 day conflict. Search-extract attribution only, NOT primary source",1
NQ,NQU23,2023-06-12T21:00:00Z,2023-09-11T21:00:00Z,2023-09-15,months=HMUZ ltd=third_friday roll_anchor=ltd roll_lead_days=4,"RULE:same cycle, LTD and roll convention as ES (one CME equity-index roll calendar). Carries the same unresolved 4-vs-8 day conflict. Search-extract attribution only, NOT primary source",1
NQ,NQZ23,2023-09-11T21:00:00Z,2023-12-11T22:00:00Z,2023-12-15,months=HMUZ ltd=third_friday roll_anchor=ltd roll_lead_days=4,"RULE:same cycle, LTD and roll convention as ES (one CME equity-index roll calendar). Carries the same unresolved 4-vs-8 day conflict. Search-extract attribution only, NOT primary source",1
NQ,NQH24,2023-12-11T22:00:00Z,2024-03-11T21:00:00Z,2024-03-15,months=HMUZ ltd=third_friday roll_anchor=ltd roll_lead_days=4,"RULE:same cycle, LTD and roll convention as ES (one CME equity-index roll calendar). Carries the same unresolved 4-vs-8 day conflict. Search-extract attribution only, NOT primary source",1
NQ,NQM24,2024-03-11T21:00:00Z,2024-06-17T21:00:00Z,2024-06-21,months=HMUZ ltd=third_friday roll_anchor=ltd roll_lead_days=4,"RULE:same cycle, LTD and roll convention as ES (one CME equity-index roll calendar). Carries the same unresolved 4-vs-8 day conflict. Search-extract attribution only, NOT primary source",1
NQ,NQU24,2024-06-17T21:00:00Z,2024-09-16T21:00:00Z,2024-09-20,months=HMUZ ltd=third_friday roll_anchor=ltd roll_lead_days=4,"RULE:same cycle, LTD and roll convention as ES (one CME equity-index roll calendar). Carries the same unresolved 4-vs-8 day conflict. Search-extract attribution only, NOT primary source",1
NQ,NQZ24,2024-09-16T21:00:00Z,2024-12-16T22:00:00Z,2024-12-20,months=HMUZ ltd=third_friday roll_anchor=ltd roll_lead_days=4,"RULE:same cycle, LTD and roll convention as ES (one CME equity-index roll calendar). Carries the same unresolved 4-vs-8 day conflict. Search-extract attribution only, NOT primary source",1
NQ,NQH25,2024-12-16T22:00:00Z,2025-03-17T21:00:00Z,2025-03-21,months=HMUZ ltd=third_friday roll_anchor=ltd roll_lead_days=4,"RULE:same cycle, LTD and roll convention as ES (one CME equity-index roll calendar). Carries the same unresolved 4-vs-8 day conflict. Search-extract attribution only, NOT primary source",1
NQ,NQM25,2025-03-17T21:00:00Z,2025-06-16T21:00:00Z,2025-06-20,months=HMUZ ltd=third_friday roll_anchor=ltd roll_lead_days=4,"RULE:same cycle, LTD and roll convention as ES (one CME equity-index roll calendar). Carries the same unresolved 4-vs-8 day conflict. Search-extract attribution only, NOT primary source",1
NQ,NQU25,2025-06-16T21:00:00Z,2025-09-15T21:00:00Z,2025-09-19,months=HMUZ ltd=third_friday roll_anchor=ltd roll_lead_days=4,"RULE:same cycle, LTD and roll convention as ES (one CME equity-index roll calendar). Carries the same unresolved 4-vs-8 day conflict. Search-extract attribution only, NOT primary source",1
NQ,NQZ25,2025-09-15T21:00:00Z,2025-12-15T22:00:00Z,2025-12-19,months=HMUZ ltd=third_friday roll_anchor=ltd roll_lead_days=4,"RULE:same cycle, LTD and roll convention as ES (one CME equity-index roll calendar). Carries the same unresolved 4-vs-8 day conflict. Search-extract attribution only, NOT primary source",1
NQ,NQH26,2025-12-15T22:00:00Z,2026-03-16T21:00:00Z,2026-03-20,months=HMUZ ltd=third_friday roll_anchor=ltd roll_lead_days=4,"RULE:same cycle, LTD and roll convention as ES (one CME equity-index roll calendar). Carries the same unresolved 4-vs-8 day conflict. Search-extract attribution only, NOT primary source",1
NQ,NQM26,2026-03-16T21:00:00Z,2026-06-15T21:00:00Z,2026-06-19,months=HMUZ ltd=third_friday roll_anchor=ltd roll_lead_days=4,"RULE:same cycle, LTD and roll convention as ES (one CME equity-index roll calendar). Carries the same unresolved 4-vs-8 day conflict. Search-extract attribution only, NOT primary source",1
NQ,NQU26,2026-06-15T21:00:00Z,2026-09-14T21:00:00Z,2026-09-18,months=HMUZ ltd=third_friday roll_anchor=ltd roll_lead_days=4,"RULE:same cycle, LTD and roll convention as ES (one CME equity-index roll calendar). Carries the same unresolved 4-vs-8 day conflict. Search-extract attribution only, NOT primary source",1
NQ,NQZ26,2026-09-14T21:00:00Z,2026-12-14T22:00:00Z,2026-12-18,months=HMUZ ltd=third_friday roll_anchor=ltd roll_lead_days=4,"RULE:same cycle, LTD and roll convention as ES (one CME equity-index roll calendar). Carries the same unresolved 4-vs-8 day conflict. Search-extract attribution only, NOT primary source",1
NQ,NQH27,2026-12-14T22:00:00Z,2027-03-15T21:00:00Z,2027-03-19,months=HMUZ ltd=third_friday roll_anchor=ltd roll_lead_days=4,"RULE:same cycle, LTD and roll convention as ES (one CME equity-index roll calendar). Carries the same unresolved 4-vs-8 day conflict. Search-extract attribution only, NOT primary source",1
NQ,NQM27,2027-03-15T21:00:00Z,2027-06-14T21:00:00Z,2027-06-18,months=HMUZ ltd=third_friday roll_anchor=ltd roll_lead_days=4,"RULE:same cycle, LTD and roll convention as ES (one CME equity-index roll calendar). Carries the same unresolved 4-vs-8 day conflict. Search-extract attribution only, NOT primary source",1
NQ,NQU27,2027-06-14T21:00:00Z,2027-09-13T21:00:00Z,2027-09-17,months=HMUZ ltd=third_friday roll_anchor=ltd roll_lead_days=4,"RULE:same cycle, LTD and roll convention as ES (one CME equity-index roll calendar). Carries the same unresolved 4-vs-8 day conflict. Search-extract attribution only, NOT primary source",1
NQ,NQZ27,2027-09-13T21:00:00Z,2027-12-13T22:00:00Z,2027-12-17,months=HMUZ ltd=third_friday roll_anchor=ltd roll_lead_days=4,"RULE:same cycle, LTD and roll convention as ES (one CME equity-index roll calendar). Carries the same unresolved 4-vs-8 day conflict. Search-extract attribution only, NOT primary source",1
NQ,NQH28,2027-12-13T22:00:00Z,2028-03-13T21:00:00Z,2028-03-17,months=HMUZ ltd=third_friday roll_anchor=ltd roll_lead_days=4,"RULE:same cycle, LTD and roll convention as ES (one CME equity-index roll calendar). Carries the same unresolved 4-vs-8 day conflict. Search-extract attribution only, NOT primary source",1
NQ,NQM28,2028-03-13T21:00:00Z,2028-06-12T21:00:00Z,2028-06-16,months=HMUZ ltd=third_friday roll_anchor=ltd roll_lead_days=4,"RULE:same cycle, LTD and roll convention as ES (one CME equity-index roll calendar). Carries the same unresolved 4-vs-8 day conflict. Search-extract attribution only, NOT primary source",1
NQ,NQU28,2028-06-12T21:00:00Z,2028-09-11T21:00:00Z,2028-09-15,months=HMUZ ltd=third_friday roll_anchor=ltd roll_lead_days=4,"RULE:same cycle, LTD and roll convention as ES (one CME equity-index roll calendar). Carries the same unresolved 4-vs-8 day conflict. Search-extract attribution only, NOT primary source",1
NQ,NQZ28,2028-09-11T21:00:00Z,2028-12-11T22:00:00Z,2028-12-15,months=HMUZ ltd=third_friday roll_anchor=ltd roll_lead_days=4,"RULE:same cycle, LTD and roll convention as ES (one CME equity-index roll calendar). Carries the same unresolved 4-vs-8 day conflict. Search-extract attribution only, NOT primary source",1
NQ,NQH29,2028-12-11T22:00:00Z,2029-03-12T21:00:00Z,2029-03-16,months=HMUZ ltd=third_friday roll_anchor=ltd roll_lead_days=4,"RULE:same cycle, LTD and roll convention as ES (one CME equity-index roll calendar). Carries the same unresolved 4-vs-8 day conflict. Search-extract attribution only, NOT primary source",1
NQ,NQM29,2029-03-12T21:00:00Z,2029-06-11T21:00:00Z,2029-06-15,months=HMUZ ltd=third_friday roll_anchor=ltd roll_lead_days=4,"RULE:same cycle, LTD and roll convention as ES (one CME equity-index roll calendar). Carries the same unresolved 4-vs-8 day conflict. Search-extract attribution only, NOT primary source",1
NQ,NQU29,2029-06-11T21:00:00Z,2029-09-17T21:00:00Z,2029-09-21,months=HMUZ ltd=third_friday roll_anchor=ltd roll_lead_days=4,"RULE:same cycle, LTD and roll convention as ES (one CME equity-index roll calendar). Carries the same unresolved 4-vs-8 day conflict. Search-extract attribution only, NOT primary source",1
NQ,NQZ29,2029-09-17T21:00:00Z,2029-12-17T22:00:00Z,2029-12-21,months=HMUZ ltd=third_friday roll_anchor=ltd roll_lead_days=4,"RULE:same cycle, LTD and roll convention as ES (one CME equity-index roll calendar). Carries the same unresolved 4-vs-8 day conflict. Search-extract attribution only, NOT primary source",1
NQ,NQH30,2029-12-17T22:00:00Z,2030-03-11T21:00:00Z,2030-03-15,months=HMUZ ltd=third_friday roll_anchor=ltd roll_lead_days=4,"RULE:same cycle, LTD and roll convention as ES (one CME equity-index roll calendar). Carries the same unresolved 4-vs-8 day conflict. Search-extract attribution only, NOT primary source",1
NQ,NQM30,2030-03-11T21:00:00Z,2030-06-17T21:00:00Z,2030-06-21,months=HMUZ ltd=third_friday roll_anchor=ltd roll_lead_days=4,"RULE:same cycle, LTD and roll convention as ES (one CME equity-index roll calendar). Carries the same unresolved 4-vs-8 day conflict. Search-extract attribution only, NOT primary source",1
NQ,NQU30,2030-06-17T21:00:00Z,2030-09-16T21:00:00Z,2030-09-20,months=HMUZ ltd=third_friday roll_anchor=ltd roll_lead_days=4,"RULE:same cycle, LTD and roll convention as ES (one CME equity-index roll calendar). Carries the same unresolved 4-vs-8 day conflict. Search-extract attribution only, NOT primary source",1
NQ,NQZ30,2030-09-16T21:00:00Z,2030-12-16T22:00:00Z,2030-12-20,months=HMUZ ltd=third_friday roll_anchor=ltd roll_lead_days=4,"RULE:same cycle, LTD and roll convention as ES (one CME equity-index roll calendar). Carries the same unresolved 4-vs-8 day conflict. Search-extract attribution only, NOT primary source",1
ZN,ZNM08,2008-02-29T22:00:00Z,2008-05-30T21:00:00Z,2008-06-19,months=HMUZ ltd=cbot_note_ltd roll_anchor=fnd roll_lead_days=0,"RULE:CBOT Treasury quarterly cycle H/M/U/Z; LTD = the 7th business day preceding the last business day of the delivery month. Roll anchored on FIRST POSITION DAY (last business day of the month preceding delivery) per CME's 'Pace of the Roll': the majority of open interest rolls in the last ~10 business days before the contract month begins, centred on that day. Search-extract attribution only, NOT primary source",1
ZN,ZNU08,2008-05-30T21:00:00Z,2008-08-29T21:00:00Z,2008-09-19,months=HMUZ ltd=cbot_note_ltd roll_anchor=fnd roll_lead_days=0,"RULE:CBOT Treasury quarterly cycle H/M/U/Z; LTD = the 7th business day preceding the last business day of the delivery month. Roll anchored on FIRST POSITION DAY (last business day of the month preceding delivery) per CME's 'Pace of the Roll': the majority of open interest rolls in the last ~10 business days before the contract month begins, centred on that day. Search-extract attribution only, NOT primary source",1
ZN,ZNZ08,2008-08-29T21:00:00Z,2008-11-28T18:15:00Z,2008-12-19,months=HMUZ ltd=cbot_note_ltd roll_anchor=fnd roll_lead_days=0,"RULE:CBOT Treasury quarterly cycle H/M/U/Z; LTD = the 7th business day preceding the last business day of the delivery month. Roll anchored on FIRST POSITION DAY (last business day of the month preceding delivery) per CME's 'Pace of the Roll': the majority of open interest rolls in the last ~10 business days before the contract month begins, centred on that day. Search-extract attribution only, NOT primary source",1
ZN,ZNH09,2008-11-28T18:15:00Z,2009-02-27T22:00:00Z,2009-03-20,months=HMUZ ltd=cbot_note_ltd roll_anchor=fnd roll_lead_days=0,"RULE:CBOT Treasury quarterly cycle H/M/U/Z; LTD = the 7th business day preceding the last business day of the delivery month. Roll anchored on FIRST POSITION DAY (last business day of the month preceding delivery) per CME's 'Pace of the Roll': the majority of open interest rolls in the last ~10 business days before the contract month begins, centred on that day. Search-extract attribution only, NOT primary source",1
ZN,ZNM09,2009-02-27T22:00:00Z,2009-05-29T21:00:00Z,2009-06-19,months=HMUZ ltd=cbot_note_ltd roll_anchor=fnd roll_lead_days=0,"RULE:CBOT Treasury quarterly cycle H/M/U/Z; LTD = the 7th business day preceding the last business day of the delivery month. Roll anchored on FIRST POSITION DAY (last business day of the month preceding delivery) per CME's 'Pace of the Roll': the majority of open interest rolls in the last ~10 business days before the contract month begins, centred on that day. Search-extract attribution only, NOT primary source",1
ZN,ZNU09,2009-05-29T21:00:00Z,2009-08-31T21:00:00Z,2009-09-21,months=HMUZ ltd=cbot_note_ltd roll_anchor=fnd roll_lead_days=0,"RULE:CBOT Treasury quarterly cycle H/M/U/Z; LTD = the 7th business day preceding the last business day of the delivery month. Roll anchored on FIRST POSITION DAY (last business day of the month preceding delivery) per CME's 'Pace of the Roll': the majority of open interest rolls in the last ~10 business days before the contract month begins, centred on that day. Search-extract attribution only, NOT primary source",1
ZN,ZNZ09,2009-08-31T21:00:00Z,2009-11-30T22:00:00Z,2009-12-21,months=HMUZ ltd=cbot_note_ltd roll_anchor=fnd roll_lead_days=0,"RULE:CBOT Treasury quarterly cycle H/M/U/Z; LTD = the 7th business day preceding the last business day of the delivery month. Roll anchored on FIRST POSITION DAY (last business day of the month preceding delivery) per CME's 'Pace of the Roll': the majority of open interest rolls in the last ~10 business days before the contract month begins, centred on that day. Search-extract attribution only, NOT primary source",1
ZN,ZNH10,2009-11-30T22:00:00Z,2010-02-26T22:00:00Z,2010-03-22,months=HMUZ ltd=cbot_note_ltd roll_anchor=fnd roll_lead_days=0,"RULE:CBOT Treasury quarterly cycle H/M/U/Z; LTD = the 7th business day preceding the last business day of the delivery month. Roll anchored on FIRST POSITION DAY (last business day of the month preceding delivery) per CME's 'Pace of the Roll': the majority of open interest rolls in the last ~10 business days before the contract month begins, centred on that day. Search-extract attribution only, NOT primary source",1
ZN,ZNM10,2010-02-26T22:00:00Z,2010-05-31T17:00:00Z,2010-06-21,months=HMUZ ltd=cbot_note_ltd roll_anchor=fnd roll_lead_days=0,"RULE:CBOT Treasury quarterly cycle H/M/U/Z; LTD = the 7th business day preceding the last business day of the delivery month. Roll anchored on FIRST POSITION DAY (last business day of the month preceding delivery) per CME's 'Pace of the Roll': the majority of open interest rolls in the last ~10 business days before the contract month begins, centred on that day. Search-extract attribution only, NOT primary source",1
ZN,ZNU10,2010-05-31T17:00:00Z,2010-08-31T21:00:00Z,2010-09-21,months=HMUZ ltd=cbot_note_ltd roll_anchor=fnd roll_lead_days=0,"RULE:CBOT Treasury quarterly cycle H/M/U/Z; LTD = the 7th business day preceding the last business day of the delivery month. Roll anchored on FIRST POSITION DAY (last business day of the month preceding delivery) per CME's 'Pace of the Roll': the majority of open interest rolls in the last ~10 business days before the contract month begins, centred on that day. Search-extract attribution only, NOT primary source",1
ZN,ZNZ10,2010-08-31T21:00:00Z,2010-11-30T22:00:00Z,2010-12-21,months=HMUZ ltd=cbot_note_ltd roll_anchor=fnd roll_lead_days=0,"RULE:CBOT Treasury quarterly cycle H/M/U/Z; LTD = the 7th business day preceding the last business day of the delivery month. Roll anchored on FIRST POSITION DAY (last business day of the month preceding delivery) per CME's 'Pace of the Roll': the majority of open interest rolls in the last ~10 business days before the contract month begins, centred on that day. Search-extract attribution only, NOT primary source",1
ZN,ZNH11,2010-11-30T22:00:00Z,2011-02-28T22:00:00Z,2011-03-22,months=HMUZ ltd=cbot_note_ltd roll_anchor=fnd roll_lead_days=0,"RULE:CBOT Treasury quarterly cycle H/M/U/Z; LTD = the 7th business day preceding the last business day of the delivery month. Roll anchored on FIRST POSITION DAY (last business day of the month preceding delivery) per CME's 'Pace of the Roll': the majority of open interest rolls in the last ~10 business days before the contract month begins, centred on that day. Search-extract attribution only, NOT primary source",1
ZN,ZNM11,2011-02-28T22:00:00Z,2011-05-31T21:00:00Z,2011-06-21,months=HMUZ ltd=cbot_note_ltd roll_anchor=fnd roll_lead_days=0,"RULE:CBOT Treasury quarterly cycle H/M/U/Z; LTD = the 7th business day preceding the last business day of the delivery month. Roll anchored on FIRST POSITION DAY (last business day of the month preceding delivery) per CME's 'Pace of the Roll': the majority of open interest rolls in the last ~10 business days before the contract month begins, centred on that day. Search-extract attribution only, NOT primary source",1
ZN,ZNU11,2011-05-31T21:00:00Z,2011-08-31T21:00:00Z,2011-09-21,months=HMUZ ltd=cbot_note_ltd roll_anchor=fnd roll_lead_days=0,"RULE:CBOT Treasury quarterly cycle H/M/U/Z; LTD = the 7th business day preceding the last business day of the delivery month. Roll anchored on FIRST POSITION DAY (last business day of the month preceding delivery) per CME's 'Pace of the Roll': the majority of open interest rolls in the last ~10 business days before the contract month begins, centred on that day. Search-extract attribution only, NOT primary source",1
ZN,ZNZ11,2011-08-31T21:00:00Z,2011-11-30T22:00:00Z,2011-12-20,months=HMUZ ltd=cbot_note_ltd roll_anchor=fnd roll_lead_days=0,"RULE:CBOT Treasury quarterly cycle H/M/U/Z; LTD = the 7th business day preceding the last business day of the delivery month. Roll anchored on FIRST POSITION DAY (last business day of the month preceding delivery) per CME's 'Pace of the Roll': the majority of open interest rolls in the last ~10 business days before the contract month begins, centred on that day. Search-extract attribution only, NOT primary source",1
ZN,ZNH12,2011-11-30T22:00:00Z,2012-02-29T22:00:00Z,2012-03-21,months=HMUZ ltd=cbot_note_ltd roll_anchor=fnd roll_lead_days=0,"RULE:CBOT Treasury quarterly cycle H/M/U/Z; LTD = the 7th business day preceding the last business day of the delivery month. Roll anchored on FIRST POSITION DAY (last business day of the month preceding delivery) per CME's 'Pace of the Roll': the majority of open interest rolls in the last ~10 business days before the contract month begins, centred on that day. Search-extract attribution only, NOT primary source",1
ZN,ZNM12,2012-02-29T22:00:00Z,2012-05-31T21:00:00Z,2012-06-20,months=HMUZ ltd=cbot_note_ltd roll_anchor=fnd roll_lead_days=0,"RULE:CBOT Treasury quarterly cycle H/M/U/Z; LTD = the 7th business day preceding the last business day of the delivery month. Roll anchored on FIRST POSITION DAY (last business day of the month preceding delivery) per CME's 'Pace of the Roll': the majority of open interest rolls in the last ~10 business days before the contract month begins, centred on that day. Search-extract attribution only, NOT primary source",1
ZN,ZNU12,2012-05-31T21:00:00Z,2012-08-31T21:00:00Z,2012-09-19,months=HMUZ ltd=cbot_note_ltd roll_anchor=fnd roll_lead_days=0,"RULE:CBOT Treasury quarterly cycle H/M/U/Z; LTD = the 7th business day preceding the last business day of the delivery month. Roll anchored on FIRST POSITION DAY (last business day of the month preceding delivery) per CME's 'Pace of the Roll': the majority of open interest rolls in the last ~10 business days before the contract month begins, centred on that day. Search-extract attribution only, NOT primary source",1
ZN,ZNZ12,2012-08-31T21:00:00Z,2012-11-30T22:00:00Z,2012-12-19,months=HMUZ ltd=cbot_note_ltd roll_anchor=fnd roll_lead_days=0,"RULE:CBOT Treasury quarterly cycle H/M/U/Z; LTD = the 7th business day preceding the last business day of the delivery month. Roll anchored on FIRST POSITION DAY (last business day of the month preceding delivery) per CME's 'Pace of the Roll': the majority of open interest rolls in the last ~10 business days before the contract month begins, centred on that day. Search-extract attribution only, NOT primary source",1
ZN,ZNH13,2012-11-30T22:00:00Z,2013-02-28T22:00:00Z,2013-03-19,months=HMUZ ltd=cbot_note_ltd roll_anchor=fnd roll_lead_days=0,"RULE:CBOT Treasury quarterly cycle H/M/U/Z; LTD = the 7th business day preceding the last business day of the delivery month. Roll anchored on FIRST POSITION DAY (last business day of the month preceding delivery) per CME's 'Pace of the Roll': the majority of open interest rolls in the last ~10 business days before the contract month begins, centred on that day. Search-extract attribution only, NOT primary source",1
ZN,ZNM13,2013-02-28T22:00:00Z,2013-05-31T21:00:00Z,2013-06-19,months=HMUZ ltd=cbot_note_ltd roll_anchor=fnd roll_lead_days=0,"RULE:CBOT Treasury quarterly cycle H/M/U/Z; LTD = the 7th business day preceding the last business day of the delivery month. Roll anchored on FIRST POSITION DAY (last business day of the month preceding delivery) per CME's 'Pace of the Roll': the majority of open interest rolls in the last ~10 business days before the contract month begins, centred on that day. Search-extract attribution only, NOT primary source",1
ZN,ZNU13,2013-05-31T21:00:00Z,2013-08-30T21:00:00Z,2013-09-19,months=HMUZ ltd=cbot_note_ltd roll_anchor=fnd roll_lead_days=0,"RULE:CBOT Treasury quarterly cycle H/M/U/Z; LTD = the 7th business day preceding the last business day of the delivery month. Roll anchored on FIRST POSITION DAY (last business day of the month preceding delivery) per CME's 'Pace of the Roll': the majority of open interest rolls in the last ~10 business days before the contract month begins, centred on that day. Search-extract attribution only, NOT primary source",1
ZN,ZNZ13,2013-08-30T21:00:00Z,2013-11-29T18:15:00Z,2013-12-19,months=HMUZ ltd=cbot_note_ltd roll_anchor=fnd roll_lead_days=0,"RULE:CBOT Treasury quarterly cycle H/M/U/Z; LTD = the 7th business day preceding the last business day of the delivery month. Roll anchored on FIRST POSITION DAY (last business day of the month preceding delivery) per CME's 'Pace of the Roll': the majority of open interest rolls in the last ~10 business days before the contract month begins, centred on that day. Search-extract attribution only, NOT primary source",1
ZN,ZNH14,2013-11-29T18:15:00Z,2014-02-28T22:00:00Z,2014-03-20,months=HMUZ ltd=cbot_note_ltd roll_anchor=fnd roll_lead_days=0,"RULE:CBOT Treasury quarterly cycle H/M/U/Z; LTD = the 7th business day preceding the last business day of the delivery month. Roll anchored on FIRST POSITION DAY (last business day of the month preceding delivery) per CME's 'Pace of the Roll': the majority of open interest rolls in the last ~10 business days before the contract month begins, centred on that day. Search-extract attribution only, NOT primary source",1
ZN,ZNM14,2014-02-28T22:00:00Z,2014-05-30T21:00:00Z,2014-06-19,months=HMUZ ltd=cbot_note_ltd roll_anchor=fnd roll_lead_days=0,"RULE:CBOT Treasury quarterly cycle H/M/U/Z; LTD = the 7th business day preceding the last business day of the delivery month. Roll anchored on FIRST POSITION DAY (last business day of the month preceding delivery) per CME's 'Pace of the Roll': the majority of open interest rolls in the last ~10 business days before the contract month begins, centred on that day. Search-extract attribution only, NOT primary source",1
ZN,ZNU14,2014-05-30T21:00:00Z,2014-08-29T21:00:00Z,2014-09-19,months=HMUZ ltd=cbot_note_ltd roll_anchor=fnd roll_lead_days=0,"RULE:CBOT Treasury quarterly cycle H/M/U/Z; LTD = the 7th business day preceding the last business day of the delivery month. Roll anchored on FIRST POSITION DAY (last business day of the month preceding delivery) per CME's 'Pace of the Roll': the majority of open interest rolls in the last ~10 business days before the contract month begins, centred on that day. Search-extract attribution only, NOT primary source",1
ZN,ZNZ14,2014-08-29T21:00:00Z,2014-11-28T18:15:00Z,2014-12-19,months=HMUZ ltd=cbot_note_ltd roll_anchor=fnd roll_lead_days=0,"RULE:CBOT Treasury quarterly cycle H/M/U/Z; LTD = the 7th business day preceding the last business day of the delivery month. Roll anchored on FIRST POSITION DAY (last business day of the month preceding delivery) per CME's 'Pace of the Roll': the majority of open interest rolls in the last ~10 business days before the contract month begins, centred on that day. Search-extract attribution only, NOT primary source",1
ZN,ZNH15,2014-11-28T18:15:00Z,2015-02-27T22:00:00Z,2015-03-20,months=HMUZ ltd=cbot_note_ltd roll_anchor=fnd roll_lead_days=0,"RULE:CBOT Treasury quarterly cycle H/M/U/Z; LTD = the 7th business day preceding the last business day of the delivery month. Roll anchored on FIRST POSITION DAY (last business day of the month preceding delivery) per CME's 'Pace of the Roll': the majority of open interest rolls in the last ~10 business days before the contract month begins, centred on that day. Search-extract attribution only, NOT primary source",1
ZN,ZNM15,2015-02-27T22:00:00Z,2015-05-29T21:00:00Z,2015-06-19,months=HMUZ ltd=cbot_note_ltd roll_anchor=fnd roll_lead_days=0,"RULE:CBOT Treasury quarterly cycle H/M/U/Z; LTD = the 7th business day preceding the last business day of the delivery month. Roll anchored on FIRST POSITION DAY (last business day of the month preceding delivery) per CME's 'Pace of the Roll': the majority of open interest rolls in the last ~10 business days before the contract month begins, centred on that day. Search-extract attribution only, NOT primary source",1
ZN,ZNU15,2015-05-29T21:00:00Z,2015-08-31T21:00:00Z,2015-09-21,months=HMUZ ltd=cbot_note_ltd roll_anchor=fnd roll_lead_days=0,"RULE:CBOT Treasury quarterly cycle H/M/U/Z; LTD = the 7th business day preceding the last business day of the delivery month. Roll anchored on FIRST POSITION DAY (last business day of the month preceding delivery) per CME's 'Pace of the Roll': the majority of open interest rolls in the last ~10 business days before the contract month begins, centred on that day. Search-extract attribution only, NOT primary source",1
ZN,ZNZ15,2015-08-31T21:00:00Z,2015-11-30T22:00:00Z,2015-12-21,months=HMUZ ltd=cbot_note_ltd roll_anchor=fnd roll_lead_days=0,"RULE:CBOT Treasury quarterly cycle H/M/U/Z; LTD = the 7th business day preceding the last business day of the delivery month. Roll anchored on FIRST POSITION DAY (last business day of the month preceding delivery) per CME's 'Pace of the Roll': the majority of open interest rolls in the last ~10 business days before the contract month begins, centred on that day. Search-extract attribution only, NOT primary source",1
ZN,ZNH16,2015-11-30T22:00:00Z,2016-02-29T22:00:00Z,2016-03-21,months=HMUZ ltd=cbot_note_ltd roll_anchor=fnd roll_lead_days=0,"RULE:CBOT Treasury quarterly cycle H/M/U/Z; LTD = the 7th business day preceding the last business day of the delivery month. Roll anchored on FIRST POSITION DAY (last business day of the month preceding delivery) per CME's 'Pace of the Roll': the majority of open interest rolls in the last ~10 business days before the contract month begins, centred on that day. Search-extract attribution only, NOT primary source",1
ZN,ZNM16,2016-02-29T22:00:00Z,2016-05-31T21:00:00Z,2016-06-21,months=HMUZ ltd=cbot_note_ltd roll_anchor=fnd roll_lead_days=0,"RULE:CBOT Treasury quarterly cycle H/M/U/Z; LTD = the 7th business day preceding the last business day of the delivery month. Roll anchored on FIRST POSITION DAY (last business day of the month preceding delivery) per CME's 'Pace of the Roll': the majority of open interest rolls in the last ~10 business days before the contract month begins, centred on that day. Search-extract attribution only, NOT primary source",1
ZN,ZNU16,2016-05-31T21:00:00Z,2016-08-31T21:00:00Z,2016-09-21,months=HMUZ ltd=cbot_note_ltd roll_anchor=fnd roll_lead_days=0,"RULE:CBOT Treasury quarterly cycle H/M/U/Z; LTD = the 7th business day preceding the last business day of the delivery month. Roll anchored on FIRST POSITION DAY (last business day of the month preceding delivery) per CME's 'Pace of the Roll': the majority of open interest rolls in the last ~10 business days before the contract month begins, centred on that day. Search-extract attribution only, NOT primary source",1
ZN,ZNZ16,2016-08-31T21:00:00Z,2016-11-30T22:00:00Z,2016-12-20,months=HMUZ ltd=cbot_note_ltd roll_anchor=fnd roll_lead_days=0,"RULE:CBOT Treasury quarterly cycle H/M/U/Z; LTD = the 7th business day preceding the last business day of the delivery month. Roll anchored on FIRST POSITION DAY (last business day of the month preceding delivery) per CME's 'Pace of the Roll': the majority of open interest rolls in the last ~10 business days before the contract month begins, centred on that day. Search-extract attribution only, NOT primary source",1
ZN,ZNH17,2016-11-30T22:00:00Z,2017-02-28T22:00:00Z,2017-03-22,months=HMUZ ltd=cbot_note_ltd roll_anchor=fnd roll_lead_days=0,"RULE:CBOT Treasury quarterly cycle H/M/U/Z; LTD = the 7th business day preceding the last business day of the delivery month. Roll anchored on FIRST POSITION DAY (last business day of the month preceding delivery) per CME's 'Pace of the Roll': the majority of open interest rolls in the last ~10 business days before the contract month begins, centred on that day. Search-extract attribution only, NOT primary source",1
ZN,ZNM17,2017-02-28T22:00:00Z,2017-05-31T21:00:00Z,2017-06-21,months=HMUZ ltd=cbot_note_ltd roll_anchor=fnd roll_lead_days=0,"RULE:CBOT Treasury quarterly cycle H/M/U/Z; LTD = the 7th business day preceding the last business day of the delivery month. Roll anchored on FIRST POSITION DAY (last business day of the month preceding delivery) per CME's 'Pace of the Roll': the majority of open interest rolls in the last ~10 business days before the contract month begins, centred on that day. Search-extract attribution only, NOT primary source",1
ZN,ZNU17,2017-05-31T21:00:00Z,2017-08-31T21:00:00Z,2017-09-20,months=HMUZ ltd=cbot_note_ltd roll_anchor=fnd roll_lead_days=0,"RULE:CBOT Treasury quarterly cycle H/M/U/Z; LTD = the 7th business day preceding the last business day of the delivery month. Roll anchored on FIRST POSITION DAY (last business day of the month preceding delivery) per CME's 'Pace of the Roll': the majority of open interest rolls in the last ~10 business days before the contract month begins, centred on that day. Search-extract attribution only, NOT primary source",1
ZN,ZNZ17,2017-08-31T21:00:00Z,2017-11-30T22:00:00Z,2017-12-19,months=HMUZ ltd=cbot_note_ltd roll_anchor=fnd roll_lead_days=0,"RULE:CBOT Treasury quarterly cycle H/M/U/Z; LTD = the 7th business day preceding the last business day of the delivery month. Roll anchored on FIRST POSITION DAY (last business day of the month preceding delivery) per CME's 'Pace of the Roll': the majority of open interest rolls in the last ~10 business days before the contract month begins, centred on that day. Search-extract attribution only, NOT primary source",1
ZN,ZNH18,2017-11-30T22:00:00Z,2018-02-28T22:00:00Z,2018-03-20,months=HMUZ ltd=cbot_note_ltd roll_anchor=fnd roll_lead_days=0,"RULE:CBOT Treasury quarterly cycle H/M/U/Z; LTD = the 7th business day preceding the last business day of the delivery month. Roll anchored on FIRST POSITION DAY (last business day of the month preceding delivery) per CME's 'Pace of the Roll': the majority of open interest rolls in the last ~10 business days before the contract month begins, centred on that day. Search-extract attribution only, NOT primary source",1
ZN,ZNM18,2018-02-28T22:00:00Z,2018-05-31T21:00:00Z,2018-06-20,months=HMUZ ltd=cbot_note_ltd roll_anchor=fnd roll_lead_days=0,"RULE:CBOT Treasury quarterly cycle H/M/U/Z; LTD = the 7th business day preceding the last business day of the delivery month. Roll anchored on FIRST POSITION DAY (last business day of the month preceding delivery) per CME's 'Pace of the Roll': the majority of open interest rolls in the last ~10 business days before the contract month begins, centred on that day. Search-extract attribution only, NOT primary source",1
ZN,ZNU18,2018-05-31T21:00:00Z,2018-08-31T21:00:00Z,2018-09-19,months=HMUZ ltd=cbot_note_ltd roll_anchor=fnd roll_lead_days=0,"RULE:CBOT Treasury quarterly cycle H/M/U/Z; LTD = the 7th business day preceding the last business day of the delivery month. Roll anchored on FIRST POSITION DAY (last business day of the month preceding delivery) per CME's 'Pace of the Roll': the majority of open interest rolls in the last ~10 business days before the contract month begins, centred on that day. Search-extract attribution only, NOT primary source",1
ZN,ZNZ18,2018-08-31T21:00:00Z,2018-11-30T22:00:00Z,2018-12-19,months=HMUZ ltd=cbot_note_ltd roll_anchor=fnd roll_lead_days=0,"RULE:CBOT Treasury quarterly cycle H/M/U/Z; LTD = the 7th business day preceding the last business day of the delivery month. Roll anchored on FIRST POSITION DAY (last business day of the month preceding delivery) per CME's 'Pace of the Roll': the majority of open interest rolls in the last ~10 business days before the contract month begins, centred on that day. Search-extract attribution only, NOT primary source",1
ZN,ZNH19,2018-11-30T22:00:00Z,2019-02-28T22:00:00Z,2019-03-20,months=HMUZ ltd=cbot_note_ltd roll_anchor=fnd roll_lead_days=0,"RULE:CBOT Treasury quarterly cycle H/M/U/Z; LTD = the 7th business day preceding the last business day of the delivery month. Roll anchored on FIRST POSITION DAY (last business day of the month preceding delivery) per CME's 'Pace of the Roll': the majority of open interest rolls in the last ~10 business days before the contract month begins, centred on that day. Search-extract attribution only, NOT primary source",1
ZN,ZNM19,2019-02-28T22:00:00Z,2019-05-31T21:00:00Z,2019-06-19,months=HMUZ ltd=cbot_note_ltd roll_anchor=fnd roll_lead_days=0,"RULE:CBOT Treasury quarterly cycle H/M/U/Z; LTD = the 7th business day preceding the last business day of the delivery month. Roll anchored on FIRST POSITION DAY (last business day of the month preceding delivery) per CME's 'Pace of the Roll': the majority of open interest rolls in the last ~10 business days before the contract month begins, centred on that day. Search-extract attribution only, NOT primary source",1
ZN,ZNU19,2019-05-31T21:00:00Z,2019-08-30T21:00:00Z,2019-09-19,months=HMUZ ltd=cbot_note_ltd roll_anchor=fnd roll_lead_days=0,"RULE:CBOT Treasury quarterly cycle H/M/U/Z; LTD = the 7th business day preceding the last business day of the delivery month. Roll anchored on FIRST POSITION DAY (last business day of the month preceding delivery) per CME's 'Pace of the Roll': the majority of open interest rolls in the last ~10 business days before the contract month begins, centred on that day. Search-extract attribution only, NOT primary source",1
ZN,ZNZ19,2019-08-30T21:00:00Z,2019-11-29T18:15:00Z,2019-12-19,months=HMUZ ltd=cbot_note_ltd roll_anchor=fnd roll_lead_days=0,"RULE:CBOT Treasury quarterly cycle H/M/U/Z; LTD = the 7th business day preceding the last business day of the delivery month. Roll anchored on FIRST POSITION DAY (last business day of the month preceding delivery) per CME's 'Pace of the Roll': the majority of open interest rolls in the last ~10 business days before the contract month begins, centred on that day. Search-extract attribution only, NOT primary source",1
ZN,ZNH20,2019-11-29T18:15:00Z,2020-02-28T22:00:00Z,2020-03-20,months=HMUZ ltd=cbot_note_ltd roll_anchor=fnd roll_lead_days=0,"RULE:CBOT Treasury quarterly cycle H/M/U/Z; LTD = the 7th business day preceding the last business day of the delivery month. Roll anchored on FIRST POSITION DAY (last business day of the month preceding delivery) per CME's 'Pace of the Roll': the majority of open interest rolls in the last ~10 business days before the contract month begins, centred on that day. Search-extract attribution only, NOT primary source",1
ZN,ZNM20,2020-02-28T22:00:00Z,2020-05-29T21:00:00Z,2020-06-19,months=HMUZ ltd=cbot_note_ltd roll_anchor=fnd roll_lead_days=0,"RULE:CBOT Treasury quarterly cycle H/M/U/Z; LTD = the 7th business day preceding the last business day of the delivery month. Roll anchored on FIRST POSITION DAY (last business day of the month preceding delivery) per CME's 'Pace of the Roll': the majority of open interest rolls in the last ~10 business days before the contract month begins, centred on that day. Search-extract attribution only, NOT primary source",1
ZN,ZNU20,2020-05-29T21:00:00Z,2020-08-31T21:00:00Z,2020-09-21,months=HMUZ ltd=cbot_note_ltd roll_anchor=fnd roll_lead_days=0,"RULE:CBOT Treasury quarterly cycle H/M/U/Z; LTD = the 7th business day preceding the last business day of the delivery month. Roll anchored on FIRST POSITION DAY (last business day of the month preceding delivery) per CME's 'Pace of the Roll': the majority of open interest rolls in the last ~10 business days before the contract month begins, centred on that day. Search-extract attribution only, NOT primary source",1
ZN,ZNZ20,2020-08-31T21:00:00Z,2020-11-30T22:00:00Z,2020-12-21,months=HMUZ ltd=cbot_note_ltd roll_anchor=fnd roll_lead_days=0,"RULE:CBOT Treasury quarterly cycle H/M/U/Z; LTD = the 7th business day preceding the last business day of the delivery month. Roll anchored on FIRST POSITION DAY (last business day of the month preceding delivery) per CME's 'Pace of the Roll': the majority of open interest rolls in the last ~10 business days before the contract month begins, centred on that day. Search-extract attribution only, NOT primary source",1
ZN,ZNH21,2020-11-30T22:00:00Z,2021-02-26T22:00:00Z,2021-03-22,months=HMUZ ltd=cbot_note_ltd roll_anchor=fnd roll_lead_days=0,"RULE:CBOT Treasury quarterly cycle H/M/U/Z; LTD = the 7th business day preceding the last business day of the delivery month. Roll anchored on FIRST POSITION DAY (last business day of the month preceding delivery) per CME's 'Pace of the Roll': the majority of open interest rolls in the last ~10 business days before the contract month begins, centred on that day. Search-extract attribution only, NOT primary source",1
ZN,ZNM21,2021-02-26T22:00:00Z,2021-05-31T17:00:00Z,2021-06-21,months=HMUZ ltd=cbot_note_ltd roll_anchor=fnd roll_lead_days=0,"RULE:CBOT Treasury quarterly cycle H/M/U/Z; LTD = the 7th business day preceding the last business day of the delivery month. Roll anchored on FIRST POSITION DAY (last business day of the month preceding delivery) per CME's 'Pace of the Roll': the majority of open interest rolls in the last ~10 business days before the contract month begins, centred on that day. Search-extract attribution only, NOT primary source",1
ZN,ZNU21,2021-05-31T17:00:00Z,2021-08-31T21:00:00Z,2021-09-21,months=HMUZ ltd=cbot_note_ltd roll_anchor=fnd roll_lead_days=0,"RULE:CBOT Treasury quarterly cycle H/M/U/Z; LTD = the 7th business day preceding the last business day of the delivery month. Roll anchored on FIRST POSITION DAY (last business day of the month preceding delivery) per CME's 'Pace of the Roll': the majority of open interest rolls in the last ~10 business days before the contract month begins, centred on that day. Search-extract attribution only, NOT primary source",1
ZN,ZNZ21,2021-08-31T21:00:00Z,2021-11-30T22:00:00Z,2021-12-21,months=HMUZ ltd=cbot_note_ltd roll_anchor=fnd roll_lead_days=0,"RULE:CBOT Treasury quarterly cycle H/M/U/Z; LTD = the 7th business day preceding the last business day of the delivery month. Roll anchored on FIRST POSITION DAY (last business day of the month preceding delivery) per CME's 'Pace of the Roll': the majority of open interest rolls in the last ~10 business days before the contract month begins, centred on that day. Search-extract attribution only, NOT primary source",1
ZN,ZNH22,2021-11-30T22:00:00Z,2022-02-28T22:00:00Z,2022-03-22,months=HMUZ ltd=cbot_note_ltd roll_anchor=fnd roll_lead_days=0,"RULE:CBOT Treasury quarterly cycle H/M/U/Z; LTD = the 7th business day preceding the last business day of the delivery month. Roll anchored on FIRST POSITION DAY (last business day of the month preceding delivery) per CME's 'Pace of the Roll': the majority of open interest rolls in the last ~10 business days before the contract month begins, centred on that day. Search-extract attribution only, NOT primary source",1
ZN,ZNM22,2022-02-28T22:00:00Z,2022-05-31T21:00:00Z,2022-06-21,months=HMUZ ltd=cbot_note_ltd roll_anchor=fnd roll_lead_days=0,"RULE:CBOT Treasury quarterly cycle H/M/U/Z; LTD = the 7th business day preceding the last business day of the delivery month. Roll anchored on FIRST POSITION DAY (last business day of the month preceding delivery) per CME's 'Pace of the Roll': the majority of open interest rolls in the last ~10 business days before the contract month begins, centred on that day. Search-extract attribution only, NOT primary source",1
ZN,ZNU22,2022-05-31T21:00:00Z,2022-08-31T21:00:00Z,2022-09-21,months=HMUZ ltd=cbot_note_ltd roll_anchor=fnd roll_lead_days=0,"RULE:CBOT Treasury quarterly cycle H/M/U/Z; LTD = the 7th business day preceding the last business day of the delivery month. Roll anchored on FIRST POSITION DAY (last business day of the month preceding delivery) per CME's 'Pace of the Roll': the majority of open interest rolls in the last ~10 business days before the contract month begins, centred on that day. Search-extract attribution only, NOT primary source",1
ZN,ZNZ22,2022-08-31T21:00:00Z,2022-11-30T22:00:00Z,2022-12-20,months=HMUZ ltd=cbot_note_ltd roll_anchor=fnd roll_lead_days=0,"RULE:CBOT Treasury quarterly cycle H/M/U/Z; LTD = the 7th business day preceding the last business day of the delivery month. Roll anchored on FIRST POSITION DAY (last business day of the month preceding delivery) per CME's 'Pace of the Roll': the majority of open interest rolls in the last ~10 business days before the contract month begins, centred on that day. Search-extract attribution only, NOT primary source",1
ZN,ZNH23,2022-11-30T22:00:00Z,2023-02-28T22:00:00Z,2023-03-22,months=HMUZ ltd=cbot_note_ltd roll_anchor=fnd roll_lead_days=0,"RULE:CBOT Treasury quarterly cycle H/M/U/Z; LTD = the 7th business day preceding the last business day of the delivery month. Roll anchored on FIRST POSITION DAY (last business day of the month preceding delivery) per CME's 'Pace of the Roll': the majority of open interest rolls in the last ~10 business days before the contract month begins, centred on that day. Search-extract attribution only, NOT primary source",1
ZN,ZNM23,2023-02-28T22:00:00Z,2023-05-31T21:00:00Z,2023-06-21,months=HMUZ ltd=cbot_note_ltd roll_anchor=fnd roll_lead_days=0,"RULE:CBOT Treasury quarterly cycle H/M/U/Z; LTD = the 7th business day preceding the last business day of the delivery month. Roll anchored on FIRST POSITION DAY (last business day of the month preceding delivery) per CME's 'Pace of the Roll': the majority of open interest rolls in the last ~10 business days before the contract month begins, centred on that day. Search-extract attribution only, NOT primary source",1
ZN,ZNU23,2023-05-31T21:00:00Z,2023-08-31T21:00:00Z,2023-09-20,months=HMUZ ltd=cbot_note_ltd roll_anchor=fnd roll_lead_days=0,"RULE:CBOT Treasury quarterly cycle H/M/U/Z; LTD = the 7th business day preceding the last business day of the delivery month. Roll anchored on FIRST POSITION DAY (last business day of the month preceding delivery) per CME's 'Pace of the Roll': the majority of open interest rolls in the last ~10 business days before the contract month begins, centred on that day. Search-extract attribution only, NOT primary source",1
ZN,ZNZ23,2023-08-31T21:00:00Z,2023-11-30T22:00:00Z,2023-12-19,months=HMUZ ltd=cbot_note_ltd roll_anchor=fnd roll_lead_days=0,"RULE:CBOT Treasury quarterly cycle H/M/U/Z; LTD = the 7th business day preceding the last business day of the delivery month. Roll anchored on FIRST POSITION DAY (last business day of the month preceding delivery) per CME's 'Pace of the Roll': the majority of open interest rolls in the last ~10 business days before the contract month begins, centred on that day. Search-extract attribution only, NOT primary source",1
ZN,ZNH24,2023-11-30T22:00:00Z,2024-02-29T22:00:00Z,2024-03-19,months=HMUZ ltd=cbot_note_ltd roll_anchor=fnd roll_lead_days=0,"RULE:CBOT Treasury quarterly cycle H/M/U/Z; LTD = the 7th business day preceding the last business day of the delivery month. Roll anchored on FIRST POSITION DAY (last business day of the month preceding delivery) per CME's 'Pace of the Roll': the majority of open interest rolls in the last ~10 business days before the contract month begins, centred on that day. Search-extract attribution only, NOT primary source",1
ZN,ZNM24,2024-02-29T22:00:00Z,2024-05-31T21:00:00Z,2024-06-19,months=HMUZ ltd=cbot_note_ltd roll_anchor=fnd roll_lead_days=0,"RULE:CBOT Treasury quarterly cycle H/M/U/Z; LTD = the 7th business day preceding the last business day of the delivery month. Roll anchored on FIRST POSITION DAY (last business day of the month preceding delivery) per CME's 'Pace of the Roll': the majority of open interest rolls in the last ~10 business days before the contract month begins, centred on that day. Search-extract attribution only, NOT primary source",1
ZN,ZNU24,2024-05-31T21:00:00Z,2024-08-30T21:00:00Z,2024-09-19,months=HMUZ ltd=cbot_note_ltd roll_anchor=fnd roll_lead_days=0,"RULE:CBOT Treasury quarterly cycle H/M/U/Z; LTD = the 7th business day preceding the last business day of the delivery month. Roll anchored on FIRST POSITION DAY (last business day of the month preceding delivery) per CME's 'Pace of the Roll': the majority of open interest rolls in the last ~10 business days before the contract month begins, centred on that day. Search-extract attribution only, NOT primary source",1
ZN,ZNZ24,2024-08-30T21:00:00Z,2024-11-29T18:15:00Z,2024-12-19,months=HMUZ ltd=cbot_note_ltd roll_anchor=fnd roll_lead_days=0,"RULE:CBOT Treasury quarterly cycle H/M/U/Z; LTD = the 7th business day preceding the last business day of the delivery month. Roll anchored on FIRST POSITION DAY (last business day of the month preceding delivery) per CME's 'Pace of the Roll': the majority of open interest rolls in the last ~10 business days before the contract month begins, centred on that day. Search-extract attribution only, NOT primary source",1
ZN,ZNH25,2024-11-29T18:15:00Z,2025-02-28T22:00:00Z,2025-03-20,months=HMUZ ltd=cbot_note_ltd roll_anchor=fnd roll_lead_days=0,"RULE:CBOT Treasury quarterly cycle H/M/U/Z; LTD = the 7th business day preceding the last business day of the delivery month. Roll anchored on FIRST POSITION DAY (last business day of the month preceding delivery) per CME's 'Pace of the Roll': the majority of open interest rolls in the last ~10 business days before the contract month begins, centred on that day. Search-extract attribution only, NOT primary source",1
ZN,ZNM25,2025-02-28T22:00:00Z,2025-05-30T21:00:00Z,2025-06-19,months=HMUZ ltd=cbot_note_ltd roll_anchor=fnd roll_lead_days=0,"RULE:CBOT Treasury quarterly cycle H/M/U/Z; LTD = the 7th business day preceding the last business day of the delivery month. Roll anchored on FIRST POSITION DAY (last business day of the month preceding delivery) per CME's 'Pace of the Roll': the majority of open interest rolls in the last ~10 business days before the contract month begins, centred on that day. Search-extract attribution only, NOT primary source",1
ZN,ZNU25,2025-05-30T21:00:00Z,2025-08-29T21:00:00Z,2025-09-19,months=HMUZ ltd=cbot_note_ltd roll_anchor=fnd roll_lead_days=0,"RULE:CBOT Treasury quarterly cycle H/M/U/Z; LTD = the 7th business day preceding the last business day of the delivery month. Roll anchored on FIRST POSITION DAY (last business day of the month preceding delivery) per CME's 'Pace of the Roll': the majority of open interest rolls in the last ~10 business days before the contract month begins, centred on that day. Search-extract attribution only, NOT primary source",1
ZN,ZNZ25,2025-08-29T21:00:00Z,2025-11-28T18:15:00Z,2025-12-19,months=HMUZ ltd=cbot_note_ltd roll_anchor=fnd roll_lead_days=0,"RULE:CBOT Treasury quarterly cycle H/M/U/Z; LTD = the 7th business day preceding the last business day of the delivery month. Roll anchored on FIRST POSITION DAY (last business day of the month preceding delivery) per CME's 'Pace of the Roll': the majority of open interest rolls in the last ~10 business days before the contract month begins, centred on that day. Search-extract attribution only, NOT primary source",1
ZN,ZNH26,2025-11-28T18:15:00Z,2026-02-27T22:00:00Z,2026-03-20,months=HMUZ ltd=cbot_note_ltd roll_anchor=fnd roll_lead_days=0,"RULE:CBOT Treasury quarterly cycle H/M/U/Z; LTD = the 7th business day preceding the last business day of the delivery month. Roll anchored on FIRST POSITION DAY (last business day of the month preceding delivery) per CME's 'Pace of the Roll': the majority of open interest rolls in the last ~10 business days before the contract month begins, centred on that day. Search-extract attribution only, NOT primary source",1
ZN,ZNM26,2026-02-27T22:00:00Z,2026-05-29T21:00:00Z,2026-06-19,months=HMUZ ltd=cbot_note_ltd roll_anchor=fnd roll_lead_days=0,"RULE:CBOT Treasury quarterly cycle H/M/U/Z; LTD = the 7th business day preceding the last business day of the delivery month. Roll anchored on FIRST POSITION DAY (last business day of the month preceding delivery) per CME's 'Pace of the Roll': the majority of open interest rolls in the last ~10 business days before the contract month begins, centred on that day. Search-extract attribution only, NOT primary source",1
ZN,ZNU26,2026-05-29T21:00:00Z,2026-08-31T21:00:00Z,2026-09-21,months=HMUZ ltd=cbot_note_ltd roll_anchor=fnd roll_lead_days=0,"RULE:CBOT Treasury quarterly cycle H/M/U/Z; LTD = the 7th business day preceding the last business day of the delivery month. Roll anchored on FIRST POSITION DAY (last business day of the month preceding delivery) per CME's 'Pace of the Roll': the majority of open interest rolls in the last ~10 business days before the contract month begins, centred on that day. Search-extract attribution only, NOT primary source",1
ZN,ZNZ26,2026-08-31T21:00:00Z,2026-11-30T22:00:00Z,2026-12-21,months=HMUZ ltd=cbot_note_ltd roll_anchor=fnd roll_lead_days=0,"RULE:CBOT Treasury quarterly cycle H/M/U/Z; LTD = the 7th business day preceding the last business day of the delivery month. Roll anchored on FIRST POSITION DAY (last business day of the month preceding delivery) per CME's 'Pace of the Roll': the majority of open interest rolls in the last ~10 business days before the contract month begins, centred on that day. Search-extract attribution only, NOT primary source",1
ZN,ZNH27,2026-11-30T22:00:00Z,2027-02-26T22:00:00Z,2027-03-19,months=HMUZ ltd=cbot_note_ltd roll_anchor=fnd roll_lead_days=0,"RULE:CBOT Treasury quarterly cycle H/M/U/Z; LTD = the 7th business day preceding the last business day of the delivery month. Roll anchored on FIRST POSITION DAY (last business day of the month preceding delivery) per CME's 'Pace of the Roll': the majority of open interest rolls in the last ~10 business days before the contract month begins, centred on that day. Search-extract attribution only, NOT primary source",1
ZN,ZNM27,2027-02-26T22:00:00Z,2027-05-31T17:00:00Z,2027-06-21,months=HMUZ ltd=cbot_note_ltd roll_anchor=fnd roll_lead_days=0,"RULE:CBOT Treasury quarterly cycle H/M/U/Z; LTD = the 7th business day preceding the last business day of the delivery month. Roll anchored on FIRST POSITION DAY (last business day of the month preceding delivery) per CME's 'Pace of the Roll': the majority of open interest rolls in the last ~10 business days before the contract month begins, centred on that day. Search-extract attribution only, NOT primary source",1
ZN,ZNU27,2027-05-31T17:00:00Z,2027-08-31T21:00:00Z,2027-09-21,months=HMUZ ltd=cbot_note_ltd roll_anchor=fnd roll_lead_days=0,"RULE:CBOT Treasury quarterly cycle H/M/U/Z; LTD = the 7th business day preceding the last business day of the delivery month. Roll anchored on FIRST POSITION DAY (last business day of the month preceding delivery) per CME's 'Pace of the Roll': the majority of open interest rolls in the last ~10 business days before the contract month begins, centred on that day. Search-extract attribution only, NOT primary source",1
ZN,ZNZ27,2027-08-31T21:00:00Z,2027-11-30T22:00:00Z,2027-12-21,months=HMUZ ltd=cbot_note_ltd roll_anchor=fnd roll_lead_days=0,"RULE:CBOT Treasury quarterly cycle H/M/U/Z; LTD = the 7th business day preceding the last business day of the delivery month. Roll anchored on FIRST POSITION DAY (last business day of the month preceding delivery) per CME's 'Pace of the Roll': the majority of open interest rolls in the last ~10 business days before the contract month begins, centred on that day. Search-extract attribution only, NOT primary source",1
ZN,ZNH28,2027-11-30T22:00:00Z,2028-02-29T22:00:00Z,2028-03-22,months=HMUZ ltd=cbot_note_ltd roll_anchor=fnd roll_lead_days=0,"RULE:CBOT Treasury quarterly cycle H/M/U/Z; LTD = the 7th business day preceding the last business day of the delivery month. Roll anchored on FIRST POSITION DAY (last business day of the month preceding delivery) per CME's 'Pace of the Roll': the majority of open interest rolls in the last ~10 business days before the contract month begins, centred on that day. Search-extract attribution only, NOT primary source",1
ZN,ZNM28,2028-02-29T22:00:00Z,2028-05-31T21:00:00Z,2028-06-21,months=HMUZ ltd=cbot_note_ltd roll_anchor=fnd roll_lead_days=0,"RULE:CBOT Treasury quarterly cycle H/M/U/Z; LTD = the 7th business day preceding the last business day of the delivery month. Roll anchored on FIRST POSITION DAY (last business day of the month preceding delivery) per CME's 'Pace of the Roll': the majority of open interest rolls in the last ~10 business days before the contract month begins, centred on that day. Search-extract attribution only, NOT primary source",1
ZN,ZNU28,2028-05-31T21:00:00Z,2028-08-31T21:00:00Z,2028-09-20,months=HMUZ ltd=cbot_note_ltd roll_anchor=fnd roll_lead_days=0,"RULE:CBOT Treasury quarterly cycle H/M/U/Z; LTD = the 7th business day preceding the last business day of the delivery month. Roll anchored on FIRST POSITION DAY (last business day of the month preceding delivery) per CME's 'Pace of the Roll': the majority of open interest rolls in the last ~10 business days before the contract month begins, centred on that day. Search-extract attribution only, NOT primary source",1
ZN,ZNZ28,2028-08-31T21:00:00Z,2028-11-30T22:00:00Z,2028-12-19,months=HMUZ ltd=cbot_note_ltd roll_anchor=fnd roll_lead_days=0,"RULE:CBOT Treasury quarterly cycle H/M/U/Z; LTD = the 7th business day preceding the last business day of the delivery month. Roll anchored on FIRST POSITION DAY (last business day of the month preceding delivery) per CME's 'Pace of the Roll': the majority of open interest rolls in the last ~10 business days before the contract month begins, centred on that day. Search-extract attribution only, NOT primary source",1
ZN,ZNH29,2028-11-30T22:00:00Z,2029-02-28T22:00:00Z,2029-03-20,months=HMUZ ltd=cbot_note_ltd roll_anchor=fnd roll_lead_days=0,"RULE:CBOT Treasury quarterly cycle H/M/U/Z; LTD = the 7th business day preceding the last business day of the delivery month. Roll anchored on FIRST POSITION DAY (last business day of the month preceding delivery) per CME's 'Pace of the Roll': the majority of open interest rolls in the last ~10 business days before the contract month begins, centred on that day. Search-extract attribution only, NOT primary source",1
ZN,ZNM29,2029-02-28T22:00:00Z,2029-05-31T21:00:00Z,2029-06-20,months=HMUZ ltd=cbot_note_ltd roll_anchor=fnd roll_lead_days=0,"RULE:CBOT Treasury quarterly cycle H/M/U/Z; LTD = the 7th business day preceding the last business day of the delivery month. Roll anchored on FIRST POSITION DAY (last business day of the month preceding delivery) per CME's 'Pace of the Roll': the majority of open interest rolls in the last ~10 business days before the contract month begins, centred on that day. Search-extract attribution only, NOT primary source",1
ZN,ZNU29,2029-05-31T21:00:00Z,2029-08-31T21:00:00Z,2029-09-19,months=HMUZ ltd=cbot_note_ltd roll_anchor=fnd roll_lead_days=0,"RULE:CBOT Treasury quarterly cycle H/M/U/Z; LTD = the 7th business day preceding the last business day of the delivery month. Roll anchored on FIRST POSITION DAY (last business day of the month preceding delivery) per CME's 'Pace of the Roll': the majority of open interest rolls in the last ~10 business days before the contract month begins, centred on that day. Search-extract attribution only, NOT primary source",1
ZN,ZNZ29,2029-08-31T21:00:00Z,2029-11-30T22:00:00Z,2029-12-19,months=HMUZ ltd=cbot_note_ltd roll_anchor=fnd roll_lead_days=0,"RULE:CBOT Treasury quarterly cycle H/M/U/Z; LTD = the 7th business day preceding the last business day of the delivery month. Roll anchored on FIRST POSITION DAY (last business day of the month preceding delivery) per CME's 'Pace of the Roll': the majority of open interest rolls in the last ~10 business days before the contract month begins, centred on that day. Search-extract attribution only, NOT primary source",1
ZN,ZNH30,2029-11-30T22:00:00Z,2030-02-28T22:00:00Z,2030-03-20,months=HMUZ ltd=cbot_note_ltd roll_anchor=fnd roll_lead_days=0,"RULE:CBOT Treasury quarterly cycle H/M/U/Z; LTD = the 7th business day preceding the last business day of the delivery month. Roll anchored on FIRST POSITION DAY (last business day of the month preceding delivery) per CME's 'Pace of the Roll': the majority of open interest rolls in the last ~10 business days before the contract month begins, centred on that day. Search-extract attribution only, NOT primary source",1
ZN,ZNM30,2030-02-28T22:00:00Z,2030-05-31T21:00:00Z,2030-06-19,months=HMUZ ltd=cbot_note_ltd roll_anchor=fnd roll_lead_days=0,"RULE:CBOT Treasury quarterly cycle H/M/U/Z; LTD = the 7th business day preceding the last business day of the delivery month. Roll anchored on FIRST POSITION DAY (last business day of the month preceding delivery) per CME's 'Pace of the Roll': the majority of open interest rolls in the last ~10 business days before the contract month begins, centred on that day. Search-extract attribution only, NOT primary source",1
ZN,ZNU30,2030-05-31T21:00:00Z,2030-08-30T21:00:00Z,2030-09-19,months=HMUZ ltd=cbot_note_ltd roll_anchor=fnd roll_lead_days=0,"RULE:CBOT Treasury quarterly cycle H/M/U/Z; LTD = the 7th business day preceding the last business day of the delivery month. Roll anchored on FIRST POSITION DAY (last business day of the month preceding delivery) per CME's 'Pace of the Roll': the majority of open interest rolls in the last ~10 business days before the contract month begins, centred on that day. Search-extract attribution only, NOT primary source",1
ZN,ZNZ30,2030-08-30T21:00:00Z,2030-11-29T18:15:00Z,2030-12-19,months=HMUZ ltd=cbot_note_ltd roll_anchor=fnd roll_lead_days=0,"RULE:CBOT Treasury quarterly cycle H/M/U/Z; LTD = the 7th business day preceding the last business day of the delivery month. Roll anchored on FIRST POSITION DAY (last business day of the month preceding delivery) per CME's 'Pace of the Roll': the majority of open interest rolls in the last ~10 business days before the contract month begins, centred on that day. Search-extract attribution only, NOT primary source",1
